Date,canada_cases,japan_cases,italy_cases,uk_cases,germany_cases,france_cases,canada_1lag,japan_1lag,italy_1lag,uk_1lag,germany_1lag,france_1lag,canada_2lag,japan_2lag,italy_2lag,uk_2lag,germany_2lag,france_2lag,canada_3lag,japan_3lag,italy_3lag,uk_3lag,germany_3lag,france_3lag,canada_ma,japan_ma,italy_ma,uk_ma,germany_ma,france_ma,canada_pt,japan_pt,italy_pt,uk_pt,germany_pt,france_pt,dow,Canada_Outdoor_Mobility,Canada_indoorMobility,Germany_Outdoor_Mobility,Germany_indoorMobility,France_Outdoor_Mobility,France_indoorMobility,Japan_Outdoor_Mobility,Japan_indoorMobility,Italy_Outdoor_Mobility,Italy_indoorMobility,United_Kingdom_Outdoor_Mobility,United_Kingdom_indoorMobility,temp_canada,temp_uk,temp_italy,temp_japan,temp_germany,temp_france,diff_canada
2020-02-15T00:00:00.000+0000,0,14,0,0,0,1,0,1,0,0,0,0,0,0,0,0,0,0,0,2,0,1,0,0,0,2.571428571,0,0.857142857,0.428571429,0.142857143,-1.121885848,-0.83678022,-1.171677488,-1.113259531,-1.074961531,-1.037102772,7,14,0,25,-1,15,-1,18,0,33,-1,7,2,19.26220096,43.47307692,42.97115385,36.91923077,34.548,47.35,0
2020-02-16T00:00:00.000+0000,0,16,0,0,0,0,0,14,0,0,0,1,0,1,0,0,0,0,0,0,0,0,0,0,0,4.714285714,0,0.857142857,0.285714286,0.142857143,-1.121885848,-0.797486651,-1.171677488,-1.113259531,-1.074961531,-1.039040123,1,8,-2,7,0,-2,-1,2,2,21,-2,-3,1,19.70478469,43.27307692,43.60769231,36.20897436,36.21176471,47.7,1
2020-02-17T00:00:00.000+0000,1,7,0,0,0,0,0,16,0,0,0,0,0,14,0,0,0,1,0,1,0,0,0,0,0.142857143,5.714285714,0,0.142857143,0.285714286,0.142857143,-1.119494252,-0.979817961,-1.171677488,-1.113259531,-1.074961531,-1.039040123,2,-9,11,14,0,1,4,7,1,10,0,13,2,20.39375,43.20192308,44.28461538,36.44102564,34.41666667,49.9,-1
2020-02-18T00:00:00.000+0000,0,8,0,0,0,0,1,7,0,0,0,0,0,16,0,0,0,0,0,14,0,0,0,1,0.142857143,6.857142857,0,0.142857143,0,0.142857143,-1.121885848,-0.958844931,-1.171677488,-1.113259531,-1.074961531,-1.039040123,3,5,1,12,1,5,3,8,1,13,0,12,2,21.08269231,42.72307692,44.07307692,35.50649351,34.57307692,49.35,0
2020-02-19T00:00:00.000+0000,0,10,0,0,0,0,0,8,0,0,0,0,1,7,0,0,0,0,0,16,0,0,0,0,0.142857143,8,0,0,0,0.142857143,-1.121885848,-0.917445202,-1.171677488,-1.113259531,-1.074961531,-1.039040123,4,6,0,9,1,1,2,9,0,13,0,13,3,22.17511962,43.03076923,43.90576923,36.78076923,35.49555556,47.45,0
2020-02-20T00:00:00.000+0000,0,10,0,0,0,0,0,10,0,0,0,0,0,8,0,0,0,0,1,7,0,0,0,0,0.142857143,9.428571429,0,0,0,0.142857143,-1.121885848,-0.917445202,-1.171677488,-1.113259531,-1.074961531,-1.039040123,5,10,0,12,1,4,3,11,0,17,0,10,3,22.63076923,43.14615385,43.59423077,37.66666667,36.67843137,46.2,1
2020-02-21T00:00:00.000+0000,1,11,17,0,0,0,0,10,0,0,0,0,0,10,0,0,0,0,0,8,0,0,0,0,0.285714286,10.85714286,2.428571429,0,0,0.142857143,-1.119494252,-0.89701484,-1.148062347,-1.113259531,-1.074961531,-1.039040123,6,17,1,18,2,10,3,21,1,23,-1,17,3,22.80769231,43.59423077,44.23461538,36.8474359,36.29019608,49,-1
2020-02-22T00:00:00.000+0000,0,17,42,0,0,0,1,11,17,0,0,0,0,10,0,0,0,0,0,10,0,0,0,0,0.285714286,11.28571429,8.428571429,0,0,0,-1.121885848,-0.778093561,-1.11374337,-1.113259531,-1.074961531,-1.039040123,7,19,-1,23,0,16,-1,27,2,29,-1,17,1,22.65598086,43.48269231,45.00769231,39.65128205,35.70943396,50.1,0
2020-02-23T00:00:00.000+0000,0,25,93,0,0,0,0,17,42,0,0,0,1,11,17,0,0,0,0,10,0,0,0,0,0.285714286,12.57142857,21.71428571,0,0,0,-1.121885848,-0.628819355,-1.04520931,-1.113259531,-1.074961531,-1.039040123,1,3,-1,2,0,3,-1,22,0,14,0,1,0,22.25048077,43.91730769,44.44423077,39.09358974,34.09411765,51,1
2020-02-24T00:00:00.000+0000,1,12,74,4,0,0,0,25,93,0,0,0,0,17,42,0,0,0,1,11,17,0,0,0,0.285714286,13.28571429,32.28571429,0.571428571,0,0,-1.119494252,-0.876761739,-1.070513169,-1.109753292,-1.074961531,-1.039040123,2,4,0,7,4,4,3,8,14,2,4,2,1,22.05776699,42.80769231,44.50961538,37.50897436,35.39818182,45.8,0
2020-02-25T00:00:00.000+0000,1,11,93,0,1,2,1,12,74,4,0,0,0,25,93,0,0,0,0,17,42,0,0,0,0.428571429,13.71428571,45.57142857,0.571428571,0.142857143,0.285714286,-1.119494252,-0.89701484,-1.04520931,-1.113259531,-1.073008432,-1.035167061,3,4,0,6,4,2,4,5,1,-7,5,6,0,20.81682692,43.33846154,44.87884615,39.03717949,36.95882353,49.9,-1
2020-02-26T00:00:00.000+0000,0,19,131,0,10,4,1,11,93,0,1,2,1,12,74,4,0,0,0,25,93,0,0,0,0.428571429,15,64.28571429,0.571428571,1.571428571,0.857142857,-1.121885848,-0.739806366,-0.995398086,-1.113259531,-1.055501185,-1.031300552,4,0,1,3,2,0,3,3,1,-15,6,7,0,20.64449761,42.59230769,44.59423077,38.84487179,38.03846154,52.4,2
2020-02-27T00:00:00.000+0000,2,25,202,2,19,20,0,19,131,0,10,4,1,11,93,0,1,2,1,12,74,4,0,0,0.714285714,17.14285714,93.14285714,0.857142857,4.285714286,3.714285714,-1.117104498,-0.628819355,-0.905089684,-1.111505843,-1.038120324,-1.000602793,5,-2,4,6,2,0,4,0,1,-14,6,7,0,20.80956938,42.40384615,44.83076923,38.53589744,36.70425532,54.75,-1
2020-02-28T00:00:00.000+0000,1,14,233,5,2,19,2,25,202,2,19,20,0,19,131,0,10,4,1,11,93,0,1,2,0.714285714,17.57142857,124,1.571428571,4.571428571,6.428571429,-1.119494252,-0.83678022,-0.86674985,-1.108877443,-1.071056907,-1.002509272,6,12,1,15,2,8,4,4,2,-9,5,12,1,21.33157895,42.025,45.16153846,39.81025641,38.01509434,51.15,5
2020-02-29T00:00:00.000+0000,6,13,240,3,31,43,1,14,233,5,2,19,2,25,202,2,19,20,0,19,131,0,10,4,1.571428571,17,152.2857143,2,9,12.57142857,-1.107563844,-0.856684118,-0.858181863,-1.110629426,-1.015140563,-0.957194203,7,16,0,17,1,7,1,2,4,-7,3,15,0,22.14444444,42.22307692,46.66346154,40.46538462,37.13773585,51.35,-2
2020-03-01T00:00:00.000+0000,4,15,566,13,51,30,6,13,240,3,31,43,1,14,233,5,2,19,2,25,202,2,19,20,2.142857143,15.57142857,219.8571429,3.857142857,16.28571429,16.85714286,-1.112330502,-0.817048304,-0.492722277,-1.101880856,-0.977329056,-0.981626168,1,2,-1,9,0,-9,0,-2,4,-22,4,5,-1,22.84927536,41.72884615,47.01923077,38.81410256,37.56938776,52.05,-1
2020-03-02T00:00:00.000+0000,3,18,342,4,29,61,4,15,566,13,51,30,6,13,240,3,31,43,1,14,233,5,2,19,2.428571429,16.42857143,258.1428571,3.857142857,20.42857143,25.57142857,-1.114716582,-0.758867353,-0.736950002,-1.109753292,-1.018955163,-0.923802572,2,2,1,6,0,-7,3,-1,4,-23,5,5,0,21.12966507,41.74807692,46.92884615,38.94871795,39.02307692,55.85,0
2020-03-03T00:00:00.000+0000,3,19,466,11,37,13,3,18,342,4,29,61,4,15,566,13,51,30,6,13,240,3,31,43,2.714285714,17.57142857,311.4285714,5.428571429,25.57142857,27.14285714,-1.114716582,-0.739806366,-0.59820667,-1.103628304,-1.003733417,-1.013982005,3,6,0,5,1,-2,2,1,4,-18,4,6,0,21.23397129,41.63846154,47.79423077,39.98076923,38.36037736,49.95,0
2020-03-04T00:00:00.000+0000,3,38,587,34,66,81,3,19,466,11,37,13,3,18,342,4,29,61,4,15,566,13,51,30,3.142857143,20.28571429,376.5714286,10.28571429,33.57142857,38.14285714,-1.114716582,-0.406960822,-0.471257722,-1.083600725,-0.949364858,-0.887285884,4,8,1,5,1,-3,2,-3,5,-16,4,6,1,21.09665072,42.575,47.59423077,41.38461538,38.35471698,51.05,1
2020-03-05T00:00:00.000+0000,4,29,769,30,220,92,3,38,587,34,66,81,3,19,466,11,37,13,3,18,342,4,29,61,3.428571429,20.85714286,457.5714286,14.28571429,62.28571429,48.42857143,-1.112330502,-0.557931175,-0.294573624,-1.087073101,-0.680694969,-0.867459841,5,12,1,3,1,-5,3,2,4,-22,7,4,1,21.46153846,44.06923077,46.67307692,41.56410256,38.40204082,50.95,8
2020-03-06T00:00:00.000+0000,12,60,778,48,188,276,4,29,769,30,220,92,3,38,587,34,66,81,3,19,466,11,37,13,5,27.42857143,535.4285714,20.42857143,88.85714286,85.14285714,-1.093307703,-0.082367361,-0.28625133,-1.071482607,-0.733875079,-0.561091087,6,13,1,8,2,3,3,7,5,-21,8,16,0,21.73125,45.12307692,46.87307692,40.10384615,38.91538462,48.25,-7
2020-03-07T00:00:00.000+0000,5,41,1247,43,129,296,12,60,778,48,188,276,4,29,769,30,220,92,3,38,587,34,66,81,4.857142857,31.42857143,679.2857143,26.14285714,102.8571429,121.2857143,-1.109946257,-0.359127703,0.10038151,-1.075804234,-0.835494318,-0.530462637,7,14,0,16,1,8,1,-1,5,-20,6,19,0,24.24471154,44.96923077,46.71923077,40.80769231,39.58301887,48.7,5
2020-03-08T00:00:00.000+0000,10,41,1492,67,241,177,5,41,1247,43,129,296,12,60,778,48,188,276,4,29,769,30,220,92,5.714285714,35.14285714,811.5714286,33.85714286,130,142.2857143,-1.098052462,-0.359127703,0.270703323,-1.055123646,-0.646509811,-0.720196341,1,4,0,9,0,-10,1,-3,6,-29,6,2,-1,24.28899522,44.83076923,47.69230769,40.92692308,40.60384615,53.6,3
2020-03-09T00:00:00.000+0000,13,9,1797,48,136,83,10,41,1492,67,241,177,5,41,1247,43,129,296,12,60,778,48,188,276,7.142857143,33.85714286,1019.428571,40.14285714,145.2857143,145.4285714,-1.090938048,-0.938054626,0.458039821,-1.071482607,-0.823189449,-0.883667626,2,5,1,1,1,-8,2,2,4,-40,11,1,1,25.0763285,45.642,48.152,41.39866667,41.28490566,53.3,-11
2020-03-10T00:00:00.000+0000,2,70,977,61,281,575,13,9,1797,48,136,83,10,41,1492,67,241,177,5,41,1247,43,129,296,7,41.14285714,1092.428571,47.28571429,180.1428571,225.7142857,-1.117104498,0.046881585,-0.111415799,-1.060278852,-0.582916692,-0.149858238,3,0,1,-4,3,-7,2,2,6,-51,16,2,1,27.14449761,44.73461538,48.15192308,40.89102564,40.2125,46.7,27
2020-03-11T00:00:00.000+0000,29,58,2313,74,451,497,2,70,977,61,281,575,13,9,1797,48,136,83,10,41,1492,67,241,177,10.71428571,44,1339,53,235.1428571,285.1428571,-1.053268663,-0.109502734,0.723939584,-1.049121766,-0.333400312,-0.248102608,4,3,1,0,2,-3,1,10,3,-56,19,2,1,28.2923445,44.72884615,48.20576923,41.35128205,41.794,47.8,-20
2020-03-12T00:00:00.000+0000,9,0,2651,0,170,938.5,29,58,2313,74,451,497,2,70,977,61,281,575,13,9,1797,48,136,83,11.42857143,39.85714286,1607.857143,48.71428571,228,406.0714286,-1.100427571,-1.131904734,0.869949205,-1.113259531,-0.764379381,0.239523259,5,2,1,-6,2,-8,1,9,3,-68,24,-2,2,28.31818182,44.92692308,49.14423077,42.51794872,40.43333333,45.95,65
2020-03-13T00:00:00.000+0000,74,62,2547,342,1597,1380,9,0,2651,0,170,938.5,29,58,2313,74,451,497,2,70,977,61,281,575,20.28571429,40.14285714,1860.571429,90.71428571,429.2857143,563.7857143,-0.949734467,-0.055671303,0.827096296,-0.829036251,0.741364222,0.595238085,6,-4,5,-8,4,-8,3,6,5,-71,28,2,2,28.92535885,45.53461538,49.20192308,43.21666667,40.50425532,49.2,-69
2020-03-14T00:00:00.000+0000,5,72,3497,342,910,808,74,62,2547,342,1597,1380,9,0,2651,0,170,938.5,29,58,2313,74,451,497,20.28571429,44.57142857,2182,133.4285714,540.8571429,636.9285714,-1.109946257,0.071500942,1.162122342,-0.829036251,0.202072082,0.111506884,7,-10,5,-8,4,-16,5,3,7,-76,25,1,2,29.38516746,46.54807692,50.13461538,43.66923077,40.94117647,53.55,49
2020-03-15T00:00:00.000+0000,54,66,3590,372.5,1210,30,5,72,3497,342,910,808,74,62,2547,342,1597,1380,9,0,2651,0,170,938.5,26.57142857,48.14285714,2481.714286,177.0714286,679.2857143,615.9285714,-0.99531791,-0.003564428,1.189061284,-0.805130828,0.468528154,-0.981626168,1,-18,4,-9,2,-31,3,7,3,-79,22,-16,2,28.21244019,46.8,50.6,44.18333333,43.6254902,54.5,109
2020-03-16T00:00:00.000+0000,163,0,3233,403,1477,2134,54,66,3590,372.5,1210,30,5,72,3497,342,910,808,74,62,2547,342,1597,1380,48,46.85714286,2686.857143,227.7857143,870.8571429,908.9285714,-0.754824757,-1.131904734,1.080576157,-0.781446867,0.664075983,1.008663294,2,-21,10,-16,6,-39,13,7,4,-73,27,-12,4,28.54471154,46.00961538,50.64423077,45.39358974,44.18148148,48.25,-106
2020-03-17T00:00:00.000+0000,57,39,3526,407,1985,1019,163,0,3233,403,1477,2134,54,66,3590,372.5,1210,30,5,72,3497,342,910,808,55.85714286,42.42857143,3051,277.2142857,1114.285714,972.3571429,-0.988436861,-0.390882561,1.170618102,-0.778357037,0.954377205,0.312741051,3,-30,14,-25,10,-63,24,12,4,-75,29,-23,7,29.59663462,45,51.16153846,46.28461538,43.69787234,46.3,121
2020-03-18T00:00:00.000+0000,178,11,4207,676,3070,1391,57,39,3526,407,1985,1019,163,0,3233,403,1477,2134,54,66,3590,372.5,1210,30,77.14285714,35.71428571,3321.571429,363.2142857,1488.428571,1100.071429,-0.723189517,-0.89701484,1.347406276,-0.578831673,1.34298369,0.602810819,4,-33,16,-28,11,-73,29,14,3,-76,30,-28,10,29.88516746,44.99423077,51.38653846,46.23589744,41.5673913,46,-35
2020-03-19T00:00:00.000+0000,143,35,5322,63,2993,1828,178,11,4207,676,3070,1391,57,39,3526,407,1985,1019,163,0,3233,403,1477,2134,96.28571429,40.71428571,3703.142857,372.2142857,1891.714286,1227.142857,-0.797535331,-0.456014736,1.563887709,-1.058559347,1.322601555,0.863897873,5,-35,17,-37,14,-74,32,22,2,-76,31,-29,11,30.54976077,45.68461538,50.37692308,44.87051282,39.37826087,47.7,-1
2020-03-20T00:00:00.000+0000,142,39,5909,1294,4528,1741,143,35,5322,63,2993,1828,178,11,4207,676,3070,1391,57,39,3526,407,1985,1019,106,37.42857143,4183.428571,508.2142857,2310.428571,1278.714286,-0.799686992,-0.390882561,1.651602748,-0.174701753,1.607966356,0.817535589,6,-40,20,-44,16,-76,36,20,17,-76,32,-31,13,31.29665072,45.41346154,50.17115385,45.25384615,41.18085106,50.45,192
2020-03-21T00:00:00.000+0000,334,44,5909,1035,2365,1670,142,39,5909,1294,4528,1741,143,35,5322,63,2993,1828,178,11,4207,676,3070,1391,153,33.42857143,4528,607.2142857,2518.285714,1401.857143,-0.412982471,-0.312480314,1.651602748,-0.335676678,1.119062471,0.777781351,7,-41,13,-54,13,-79,24,20,3,-79,26,-39,11,30.7569378,45.41730769,50.58461538,45.12948718,42.59607843,52.35,-145
2020-03-22T00:00:00.000+0000,189,94,5560,665,2660,1736,334,44,5909,1035,2365,1670,142,39,5909,1294,4528,1741,143,35,5322,63,2993,1828,172.2857143,37.42857143,4809.428571,649,2725.428571,1645.571429,-0.700203141,0.317926151,1.601266502,-0.586683658,1.223728899,0.814793772,1,-48,11,-51,10,-81,18,12,3,-86,24,-43,9,29.74354067,46.01730769,49.92692308,43.49358974,42.60769231,52.6,430
2020-03-23T00:00:00.000+0000,619,27,4789,967,4183,3838,189,94,5560,665,2660,1736,334,44,5909,1035,2365,1670,142,39,5909,1294,4528,1741,237.4285714,41.28571429,5031.714286,729.5714286,3112,1889,0.078428983,-0.593073091,1.469803864,-0.379865012,1.561480076,1.484183275,2,-50,20,-48,16,-75,32,12,3,-79,32,-44,17,29.80861244,46.11153846,50.13653846,44.63461538,44.8,52.3,83
2020-03-24T00:00:00.000+0000,702,65,5249,1427,3930,2448,619,27,4789,967,4183,3838,189,94,5560,665,2660,1736,334,44,5909,1035,2365,1670,329.5714286,45,5277.857143,875.2857143,3389.857143,2093.142857,0.20628261,-0.016432999,1.551883854,-0.09627617,1.522087135,1.132290755,3,-50,22,-47,18,-76,34,15,4,-79,32,-57,24,30.86411483,46.77307692,50.33461538,45.04102564,43.87391304,48.8,-241
2020-03-25T00:00:00.000+0000,461,114,5210,1452,4337,2929,702,65,5249,1427,3930,2448,619,27,4789,967,4183,3838,189,94,5560,665,2660,1736,370,59.71428571,5421.142857,986.1428571,3570.857143,2312.857143,-0.183151722,0.507953408,1.545362393,-0.081837849,1.583182086,1.283913805,4,-50,23,-46,18,-77,32,17,2,-80,34,-59,26,32.29138756,46.54807692,50.56346154,45.83846154,43.57954545,48.75,330
2020-03-26T00:00:00.000+0000,791,80,5909,2129,6365,3922,461,114,5210,1452,4337,2929,702,65,5249,1427,3930,2448,619,27,4789,967,4183,3838,462.5714286,66.14285714,5505,1281.285714,4052.571429,2612,0.336800731,0.166124651,1.651602748,0.276349913,1.763138773,1.498544408,5,-53,25,-46,18,-77,34,11,3,-81,35,-60,27,33.59090909,46.17115385,51.04423077,46.56923077,44.30212766,49.35,-151
2020-03-27T00:00:00.000+0000,640,81,5909,2885,6365,3809,791,80,5909,2129,6365,3922,461,114,5210,1452,4337,2929,702,65,5249,1427,3930,2448,533.7142857,72.14285714,5505,1508.571429,4315,2907.428571,0.111363952,0.177533568,1.651602748,0.613653327,1.763138773,1.479090248,6,-50,26,-43,19,-78,37,1,6,-80,36,-61,28,34.82822967,46.375,51.58653846,47.57179487,43.59148936,50.8,254
2020-03-28T00:00:00.000+0000,894,225,5909,2546,6365,4611,640,81,5909,2885,6365,3809,791,80,5909,2129,6365,3922,461,114,5210,1452,4337,2929,613.7142857,98,5505,1724.428571,4886.428571,3327.571429,0.480040184,1.175594473,1.651602748,0.469551189,1.763138773,1.597448519,7,-55,17,-41,12,-79,25,-10,7,-81,27,-67,20,36.32248804,46.35,52.19615385,47.62051282,45.052,53.55,-190
2020-03-29T00:00:00.000+0000,704,173,5217,2433,4400,2599,894,225,5909,2546,6365,4611,640,81,5909,2885,6365,3809,791,80,5909,2129,6365,3922,687.2857143,109.2857143,5456,1977,5135,3450.857143,0.209288383,0.927472007,1.546538549,0.419025643,1.591607184,1.184289098,1,-57,14,-61,11,-82,18,-8,7,-86,24,-70,15,37.05454545,47.65,52.55769231,47.43333333,46.326,56.4,414
2020-03-30T00:00:00.000+0000,1118,0,4050,2619,4790,4376,704,173,5217,2433,4400,2599,894,225,5909,2546,6365,4611,640,81,5909,2885,6365,3809,758.5714286,105.4285714,5350.428571,2213,5221.714286,3527.714286,0.765930893,-1.131904734,1.310206307,0.501509159,1.63853787,1.567127036,2,-56,23,-47,17,-77,33,-2,5,-79,32,-64,27,36.65023923,48.22692308,53.24615385,47.76794872,47.114,55.8,11
2020-03-31T00:00:00.000+0000,1129,87,4053,3009,4923,4959,1118,0,4050,2619,4790,4376,704,173,5217,2433,4400,2599,894,225,5909,2546,6365,4611,819.5714286,108.5714286,5179.571429,2439,5363.571429,3886.428571,0.779149277,0.244119733,1.310935587,0.663738727,1.652697394,1.636994886,3,-52,23,-43,17,-76,33,-4,5,-79,33,-62,27,35.9076555,48.12115385,53.27884615,47.81538462,47.5625,55.75,-96
2020-04-01T00:00:00.000+0000,1033,225,4782,4324,6064,4861,1129,87,4053,3009,4923,4959,1118,0,4050,2619,4790,4376,704,173,5217,2433,4400,2599,901.2857143,124.4285714,5118.428571,2849.285714,5610.285714,4162.428571,0.661298025,1.175594473,1.468462615,1.123043017,1.745298746,1.626450261,4,-52,24,-41,17,-76,31,-11,7,-79,33,-63,28,35.51153846,48.54038462,53.55769231,48.37179487,48.52380952,50.85,691
2020-04-02T00:00:00.000+0000,1724,317,4668,4244,6365,2116,1033,225,4782,4324,6064,4861,1129,87,4053,3009,4923,4959,1118,0,4050,2619,4790,4376,1034.571429,158.2857143,4941.142857,3151.428571,5610.285714,3904.428571,1.401731075,1.450318292,1.446199121,1.098362571,1.763138773,1.000865361,5,-53,25,-43,17,-76,33,-4,6,-78,34,-63,29,35.61586538,47.66923077,54.03461538,48.41153846,49.528,44.9,-571
2020-04-03T00:00:00.000+0000,1153,122,4585,4450,6365,4959,1724,317,4668,4244,6365,2116,1033,225,4782,4324,6064,4861,1129,87,4053,3009,4923,4959,1107.857143,164.1428571,4752,3375,5610.285714,4068.714286,0.807741262,0.576172601,1.429477408,1.161173797,1.763138773,1.636994886,6,-54,27,-46,19,-76,37,-2,7,-77,35,-61,29,35.60240385,47.23076923,53.74230769,48.79487179,48.00638298,45.3,-612
2020-04-04T00:00:00.000+0000,541,522,4805,3735,4933,4267,1153,122,4585,4450,6365,4959,1724,317,4668,4244,6365,2116,1033,225,4782,4324,6064,4861,1057.428571,206.5714286,4594.285714,3544.857143,5405.714286,4019.571429,-0.047564495,1.714522838,1.472858569,0.93215922,1.653727688,1.551941699,7,-52,17,-41,12,-77,24,-10,8,-79,27,-64,19,35.02692308,48.31730769,54.14615385,49.92051282,46.34,49.4,1484
2020-04-05T00:00:00.000+0000,2025,518.5,4316,5903,4031,1873,541,522,4805,3735,4933,4267,1153,122,4585,4450,6365,4959,1724,317,4668,4244,6365,2116,1246.142857,255.9285714,4465.571429,4040.571429,5353,3915.857143,1.661044612,1.71204803,1.372117805,1.544365138,1.538404552,0.886914379,1,-58,14,-30,8,-78,17,-14,8,-85,24,-65,15,35.91826923,48.7,54.78846154,51.44230769,47.82916667,49.15,-1218
2020-04-06T00:00:00.000+0000,807,515,3599,3802,3251,3912,2025,518.5,4316,5903,4031,1873,541,522,4805,3735,4933,4267,1153,122,4585,4450,6365,4959,1201.714286,329.5,4401.142857,4209.571429,5133.142857,3849.571429,0.359583822,1.709528471,1.191621594,0.954990203,1.387674126,1.496864626,2,-50,23,-32,15,-75,31,-11,7,-77,31,-62,27,37.12355769,48.12884615,54.45576923,50.84871795,47.1245283,51.6,502
2020-04-07T00:00:00.000+0000,1309,252,3039,3634,4289,3777,807,515,3599,3802,3251,3912,2025,518.5,4316,5903,4031,1873,541,522,4805,3735,4933,4267,1227.428571,353.0714286,4256.285714,4298.857143,5042.571429,3680.714286,0.985702568,1.273734698,1.015434946,0.897162086,1.576590012,1.473387604,3,-51,24,-31,16,-74,32,-13,8,-76,31,-59,27,37.86490385,48.33461538,53.83461538,50.62435897,45.95416667,51.9,-40
2020-04-08T00:00:00.000+0000,1269,351,3836,5491,5633,3881,1309,252,3039,3634,4289,3777,807,515,3599,3802,3251,3912,2025,518.5,4316,5903,4031,1873,1261.142857,371.0714286,4121.142857,4465.571429,4981,3540.714286,0.941327276,1.517958319,1.256226235,1.445224296,1.715547917,1.491606421,4,-50,24,-29,15,-74,30,-18,9,-76,31,-60,27,37.86818182,48.786,53.528,51.38533333,46.79347826,49.35,244
2020-04-09T00:00:00.000+0000,1513,410,4204,4344,4885,4286,1269,351,3836,5491,5633,3881,1309,252,3039,3634,4289,3777,807,515,3599,3802,3251,3912,1231,384.3571429,4054.857143,4479.857143,4769.571429,3850.714286,1.199724628,1.607518023,1.346713503,1.129155464,1.648739242,1.554642963,5,-48,24,-31,15,-73,32,-20,10,-75,32,-58,27,38.22067308,48.90961538,53.82307692,51.83205128,47.675,51.1,-108
2020-04-10T00:00:00.000+0000,1405,712,3951,5903,3990,4342,1513,410,4204,4344,4885,4286,1269,351,3836,5491,5633,3881,1309,252,3039,3634,4289,3777,1267,468.6428571,3964.285714,4687.428571,4430.285714,3762.571429,1.088892396,1.801302491,1.285721472,1.544365138,1.531879039,1.562470424,6,-62,33,-48,29,-74,36,-19,12,-74,33,-63,32,39.65865385,48.30769231,53.95,50.98717949,48.19807692,49.5,-148
2020-04-11T00:00:00.000+0000,1257,475,4694,5233,2737,3114,1405,712,3951,5903,3990,4342,1513,410,4204,4344,4885,4286,1269,351,3836,5491,5633,3881,1369.285714,461.9285714,3948.428571,4901.428571,4116.571429,3597.857143,0.927850373,1.677236766,1.451347382,1.379568578,1.248257503,1.332518057,7,-51,17,-34,10,-75,23,-29,12,-76,26,-63,19,41.1,47.97884615,55.01346154,51.32564103,47.37,47.95,-274
2020-04-12T00:00:00.000+0000,983,712,4092,5288,2946,4959,1257,475,4694,5233,2737,3114,1405,712,3951,5903,3990,4342,1513,410,4204,4344,4885,4286,1220.428571,489.5714286,3916.428571,4813.571429,3961.571429,4038.714286,0.597603862,1.801302491,1.320349717,1.393808006,1.309731275,1.636994886,1,-61,14,-35,6,-78,17,-38,12,-88,25,-69,16,40.93557692,47.48846154,55.30192308,52.36025641,47.5125,46.35,398
2020-04-13T00:00:00.000+0000,1381,622,3153,4342,2218,3665,983,712,4092,5288,2946,4959,1257,475,4694,5233,2737,3114,1405,712,3951,5903,3990,4342,1302.428571,504.8571429,3852.714286,4890.714286,3814,4003.428571,1.063520824,1.769724478,1.054278866,1.128545248,1.05976644,1.452720641,2,-58,26,-56,28,-84,38,-33,13,-89,40,-66,31,41.06105769,48.94615385,54.30192308,53.61538462,48.07234043,46.05,-26
2020-04-14T00:00:00.000+0000,1355,275,2972,5252,1287,4959,1381,622,3153,4342,2218,3665,983,712,4092,5288,2946,4959,1257,475,4694,5233,2737,3114,1309,508.1428571,3843.142857,5121.857143,3385.142857,4172.285714,1.035718274,1.344686706,0.991822045,1.384502853,0.528541284,1.636994886,3,-50,24,-37,17,-71,31,-21,12,-76,30,-58,27,41.31586538,49.23653846,54.53846154,52.80769231,49.1625,51.45,-181
2020-04-15T00:00:00.000+0000,1174,455,2667,4603,3394,3216,1355,275,2972,5252,1287,4959,1381,622,3153,4342,2218,3665,983,712,4092,5288,2946,4959,1295.428571,523,3676.142857,4995,3065.285714,4077.285714,0.832484283,1.658345753,0.876388119,1.206297421,1.42004867,1.357374368,4,-50,24,-32,16,-72,29,-21,11,-75,30,-57,27,41.33269231,49.29423077,55.06153846,53.39871795,49.45454545,55.25,851
2020-04-16T00:00:00.000+0000,2025,526,3786,4617,2945,4959,1174,455,2667,4603,3394,3216,1355,275,2972,5252,1287,4959,1381,622,3153,4342,2218,3665,1368.571429,539.5714286,3616.428571,5034,2788.142857,4173.428571,1.661044612,1.717297572,1.243035127,1.210363605,1.309453807,1.636994886,5,-49,25,-29,16,-71,31,-25,12,-74,31,-57,28,42.30384615,49.39038462,55.34615385,54.23717949,49.14772727,56.6,-20
2020-04-17T00:00:00.000+0000,2005,712,3493,5599,3699,1979,2025,526,3786,4617,2945,4959,1174,455,2667,4603,3394,3216,1355,275,2972,5252,1287,4959,1454.285714,539.5714286,3551,4990.571429,2746.571429,3835.857143,1.644756366,1.801302491,1.160943623,1.471870206,1.481514434,0.938685934,6,-50,27,-31,16,-72,35,-32,14,-74,32,-61,29,43.15432692,48.83529412,55.40961538,54.70512821,49.624,61.45,-463
2020-04-18T00:00:00.000+0000,1542,509,3491,5525,1945,17,2005,712,3493,5599,3699,1979,2025,526,3786,4617,2945,4959,1174,455,2667,4603,3394,3216,1495,544.4285714,3379.142857,5032.285714,2633.428571,3393.428571,1.22859033,1.705102396,1.160353634,1.45366483,0.934729633,-1.00632706,7,-46,16,-33,10,-75,23,-36,16,-76,25,-64,19,44.66682692,49.33529412,55.36730769,54.41666667,49.73888889,64.85,-265
2020-04-19T00:00:00.000+0000,1277,501,3047,5850,1842,4902,1542,509,3491,5525,1945,17,2005,712,3493,5599,3699,1979,2025,526,3786,4617,2945,4959,1537,514.2857143,3229.857143,5112.571429,2475.714286,3385.285714,0.950269398,1.698983589,1.018214963,1.531984731,0.881839445,1.630915383,1,-54,14,-27,7,-77,17,-33,11,-83,23,-59,14,45.1375,50.25576923,56.07115385,54.51410256,49.9490566,64.75,748
2020-04-20T00:00:00.000+0000,2025,419.5,2256,4676,1881,2380,1277,501,3047,5850,1842,4902,1542,509,3491,5525,1945,17,2005,712,3493,5599,3699,1979,1629,485.3571429,3101.714286,5160.285714,2427.571429,3201.714286,1.661044612,1.619325377,0.697298597,1.227386423,0.902265276,1.107385459,2,-44,22,-30,13,-72,30,-33,14,-76,29,-57,25,45.1236715,51.71923077,56.57307692,55.27564103,51.802,62.5,-281
2020-04-21T00:00:00.000+0000,1744,338,2729,4301,1226,2733,2025,419.5,2256,4676,1881,2380,1277,501,3047,5850,1842,4902,1542,509,3491,5525,1945,17,1684.571429,494.3571429,3067,5024.428571,2418.857143,2883.714286,1.419958491,1.493715394,0.900963209,1.115985343,0.48125634,1.226913486,3,-50,23,-29,14,-71,31,-28,14,-75,29,-56,26,45.97439614,52.13076923,57.63846154,55.76923077,53.30816327,62.05,281
2020-04-22T00:00:00.000+0000,2025,377,3370,4451,2357,2206,1744,338,2729,4301,1226,2733,2025,419.5,2256,4676,1881,2380,1277,501,3047,5850,1842,4902,1806.142857,483.2142857,3167.428571,5002.714286,2270.714286,2739.428571,1.661044612,1.561202997,1.123862717,1.161472867,1.115966395,1.039038828,4,-50,24,-26,13,-70,28,-31,14,-75,30,-56,27,45.5589372,52.43846154,57.71153846,55.57692308,54.38510638,59.3,-389
2020-04-23T00:00:00.000+0000,1636,712,2646,4583,2481,2311,2025,377,3370,4451,2357,2206,1744,338,2729,4301,1226,2733,2025,419.5,2256,4676,1881,2380,1750.571429,509.7857143,3004.571429,4997.857143,2204.428571,2361.142857,1.319691874,1.801302491,0.867928772,1.200470554,1.162363481,1.081103135,5,-46,24,-26,13,-70,30,-31,15,-73,30,-55,27,44.94711538,51.41730769,58.63076923,55.82179487,55.998,54.45,-16
2020-04-24T00:00:00.000+0000,1620,461,3021,5386,1870,1610,1636,712,2646,4583,2481,2311,2025,377,3370,4451,2357,2206,1744,338,2729,4301,1226,2733,1695.571429,473.9285714,2937.142857,4967.428571,1943.142857,2308.428571,1.304444427,1.664227141,1.009149394,1.418850719,0.896554355,0.742763895,6,-44,25,-30,14,-70,33,-28,16,-71,29,-55,27,45.63125,50.65961538,59.025,56.3025641,55.56666667,52.05,-168
2020-04-25T00:00:00.000+0000,1452,402,2357,4913,1514,1656,1620,461,3021,5386,1870,1610,1636,712,2646,4583,2481,2311,2025,377,3370,4451,2357,2206,1682.714286,458.6428571,2775.142857,4880,1881.571429,2542.571429,1.1377849,1.597074816,0.744085663,1.293973144,0.688552603,0.769729748,7,-41,14,-29,9,-73,22,-32,14,-83,28,-57,18,45.56201923,50.12115385,58.625,56.44871795,55.08627451,51.55,210
2020-04-26T00:00:00.000+0000,1662,210,2324,4463,1257,555,1452,402,2357,4913,1514,1656,1620,461,3021,5386,1870,1610,1636,712,2646,4583,2481,2311,1737.714286,417.0714286,2671.857143,4681.857143,1798,1921.571429,1.344248486,1.112896951,0.729009911,1.165057402,0.50552907,-0.174493939,1,-51,13,-19,6,-73,16,-35,12,-79,22,-58,14,45.88743961,50.22692308,58.62307692,56.95384615,54.84727273,50.7,-79
2020-04-27T00:00:00.000+0000,1583,712,1739,4309,988,3742,1662,210,2324,4463,1257,555,1452,402,2357,4913,1514,1656,1620,461,3021,5386,1870,1610,1674.571429,458.8571429,2598,4629.428571,1670.428571,2116.142857,1.268781372,1.801302491,0.424329712,1.118443639,0.276769459,1.467049017,2,-43,21,-26,12,-69,28,-32,15,-70,26,-56,25,46.41980676,50.53846154,58.80769231,58.27051282,54.56153846,53.3,-49
2020-04-28T00:00:00.000+0000,1534,417,2091,3996,1154,3016,1583,712,1739,4309,988,3742,1662,210,2324,4463,1257,555,1452,402,2357,4913,1514,1656,1644.571429,470.1428571,2506.857143,4585.857143,1660.142857,2156.571429,1.220664043,1.616278691,0.616559314,1.01942779,0.422875101,1.307361163,3,-42,16,-32,13,-67,28,-27,14,-72,26,-63,25,47.30628019,51.575,58.92692308,59.3525641,56.15294118,54.4,181
2020-04-29T00:00:00.000+0000,1715,159,2086,4076,1627,2512,1534,417,2091,3996,1154,3016,1583,712,1739,4309,988,3742,1662,210,2324,4463,1257,555,1600.285714,439,2323.428571,4532.285714,1555.857143,2200.285714,1.393479158,0.843671497,0.614025176,1.045301032,0.759766667,1.154869442,4,-43,22,-32,13,-67,27,-31,22,-70,27,-61,27,48.27115385,52.44615385,59.37692308,59.68974359,54.88965517,56.9,-123
2020-04-30T00:00:00.000+0000,1592,193,1872,5903,1470,671,1715,159,2086,4076,1627,2512,1534,417,2091,3996,1154,3016,1583,712,1739,4309,988,3742,1594,364.8571429,2212.857143,4720.857143,1411.428571,1966,1.277508538,1.03361222,0.500390946,1.544365138,0.659378314,-0.036654443,5,-44,23,-30,12,-66,28,-25,16,-68,26,-61,27,48.96730769,52.59615385,60.11153846,60.18589744,57.19433962,54.45,293
2020-05-01T00:00:00.000+0000,1885,217,1965,5903,1068,941.5,1592,193,1872,5903,1470,671,1715,159,2086,4076,1627,2512,1534,417,2091,3996,1154,3016,1631.857143,330,2062,4794.714286,1296.857143,1870.5,1.54431014,1.142949991,0.551045028,1.544365138,0.349272755,0.242327501,6,-37,23,-53,28,-82,42,-26,19,-84,41,-57,27,49.15528846,52.09807692,61.42692308,60.57179487,55.782,52.8,-302
2020-05-02T00:00:00.000+0000,1583,266,1900,4806,890,1212,1885,217,1965,5903,1068,941.5,1592,193,1872,5903,1470,671,1715,159,2086,4076,1627,2512,1650.571429,310.5714286,1996.714286,4779.428571,1207.714286,1807.071429,1.268781372,1.318169846,0.515854317,1.264260225,0.182249396,0.472388237,7,-37,14,-34,9,-68,21,-31,15,-70,23,-56,17,49.88557692,52.77884615,60.61346154,60.44871795,55.38039216,45.4,442
2020-05-03T00:00:00.000+0000,2025,306,1389,4339,697,296,1583,266,1900,4806,890,1212,1885,217,1965,5903,1068,941.5,1592,193,1872,5903,1470,671,1702.428571,324.2857143,1863.142857,4761.714286,1127.714286,1770.071429,1.661044612,1.425266784,0.201427314,1.127629495,-0.024295459,-0.530462637,1,-38,11,-23,6,-71,16,-35,12,-74,21,-59,14,50.77246377,52.694,59.94901961,60.416,55.44166667,45.75,-572
2020-05-04T00:00:00.000+0000,1453,201,1221,3985,488,614,2025,306,1389,4339,697,296,1583,266,1900,4806,890,1212,1885,217,1965,5903,1068,941.5,1683.857143,251.2857143,1789.142857,4715.428571,1056.285714,1323.214286,1.138813954,1.07208194,0.081146135,1.015838875,-0.28322451,-0.102880053,2,-40,20,-28,11,-64,26,-32,29,-55,18,-54,24,50.62692308,53.47307692,60.275,60.22692308,53.47346939,49.6,-195
2020-05-05T00:00:00.000+0000,1258,175,1075,4406,855,1049,1453,201,1221,3985,488,614,2025,306,1389,4339,697,296,1583,266,1900,4806,890,1212,1644.428571,216.7142857,1644,4774,1013.571429,1042.214286,0.928976383,0.938773162,-0.03136563,1.147959705,0.14687718,0.338982076,3,-35,20,-25,12,-63,27,-35,29,-55,19,-53,25,50.40961538,54.21538462,60.70769231,60.06410256,54.932,56,221
2020-05-06T00:00:00.000+0000,1479,199.5,1444,5903,1155,3530,1258,175,1075,4406,855,1049,1453,201,1221,3985,488,614,2025,306,1389,4339,697,296,1610.714286,222.5,1552.285714,5035,946.1428571,1187.642857,1.165408349,1.06503026,0.238823417,1.544365138,0.423705691,1.42626179,4,-33,20,-20,11,-61,24,-38,30,-56,20,-50,25,50.84182692,54.1,61.43076923,60.37948718,57.45111111,53.5,28
2020-05-07T00:00:00.000+0000,1507,224,1401,5614,1268,575,1479,199.5,1444,5903,1155,3530,1258,175,1075,4406,855,1049,1453,201,1221,3985,488,614,1598.571429,226.9285714,1485,4993.714286,917.2857143,1173.928571,1.193706284,1.171609602,0.209666867,1.475533176,0.514020806,-0.149858238,5,-35,21,-19,11,-60,25,-24,14,-55,20,-49,25,50.87067308,53.95769231,61.64230769,60.41538462,57.6,55.1,-34
2020-05-08T00:00:00.000+0000,1473,98,1327,4649,1158,1278,1507,224,1401,5614,1268,575,1479,199.5,1444,5903,1155,3530,1258,175,1075,4406,855,1049,1539.714286,209.9285714,1393.857143,4814.571429,930.1428571,1222,1.159298564,0.35832084,0.15812458,1.219618941,0.426194063,0.522311844,6,-35,22,-17,11,-72,38,-24,16,-54,21,-54,30,50.1,53.88846154,62.51923077,59.76153846,58.34444444,54.7,-229
2020-05-09T00:00:00.000+0000,1244,88,1083,3896,736,440,1473,98,1327,4649,1158,1278,1507,224,1401,5614,1268,575,1479,199.5,1444,5903,1155,3530,1491.285714,184.5,1277.142857,4684.571429,908.1428571,1111.714286,0.913163363,0.254913724,-0.024996116,0.986517624,0.019783273,-0.323716727,7,-36,13,-15,5,-64,19,-32,13,-53,15,-52,17,50.45817308,53.22692308,62.89038462,59.74358974,58.232,52.7,-71
2020-05-10T00:00:00.000+0000,1173,114,802,3923,555,269,1244,88,1083,3896,736,440,1473,98,1327,4649,1158,1278,1507,224,1401,5614,1268,575,1369.571429,157.0714286,1193.285714,4625.142857,887.8571429,1107.857143,0.831311795,0.507953408,-0.264240839,0.995466574,-0.19582462,-0.571927615,1,-40,10,-21,4,-65,15,-33,12,-60,13,-61,14,50.47403846,53.28846154,63.25,60.89230769,57.138,53.95,0
2020-05-11T00:00:00.000+0000,1173,70,744,3877,697,452,1173,114,802,3923,555,269,1244,88,1083,3896,736,440,1473,98,1327,4649,1158,1278,1329.571429,138.3571429,1125.142857,4609.714286,917.7142857,1084.714286,0.831311795,0.046881585,-0.31788923,0.980191857,-0.024295459,-0.307519264,2,-39,19,-28,11,-55,19,-28,12,-57,19,-55,24,51.24251208,53.41153846,63.08076923,60.78205128,56.72173913,56.35,-18
2020-05-12T00:00:00.000+0000,1155,121,1402,3403,595,728,1173,70,744,3877,697,452,1173,114,802,3923,555,269,1244,88,1083,3896,736,440,1314.857143,130.6428571,1171.857143,4466.428571,880.5714286,1038.857143,0.81010872,0.567869764,0.210351453,0.814387204,-0.145681349,0.02681328,3,-40,20,-24,11,-51,18,-27,13,-54,19,-54,24,52.7795122,53.688,62.784,61.056,56.64897959,59.35,-6
2020-05-13T00:00:00.000+0000,1149,81,888,3242,927,226,1155,121,1402,3403,595,728,1173,70,744,3877,697,452,1173,114,802,3923,555,269,1267.714286,113.7142857,1092.428571,4086.285714,848,566.8571429,0.802999365,0.177533568,-0.187492364,0.754329766,0.218702832,-0.639852152,4,-29,19,-23,11,-42,17,-26,13,-56,19,-49,25,53.8631068,54.458,61.834,61.60533333,55.78571429,59.3,64
2020-05-14T00:00:00.000+0000,1213,71,992,3446,380,731,1149,81,888,3242,927,226,1155,121,1402,3403,595,728,1173,70,744,3877,697,452,1225.714286,91.85714286,1034,3776.571429,721.1428571,589.1428571,0.877769844,0.059240788,-0.098916046,0.830092131,-0.433694735,0.030079999,5,-31,20,-20,10,-40,17,-25,12,-53,18,-46,23,54.23872549,53.92083333,63.64375,63.14166667,57.09583333,50,-35
2020-05-15T00:00:00.000+0000,1178,83,789,3560,755,607,1213,71,992,3446,380,731,1149,81,888,3242,927,226,1155,121,1402,3403,595,728,1183.571429,89.71428571,957.1428571,3621,663.5714286,493.2857143,0.837168523,0.200081374,-0.276130417,0.871066751,0.040811181,-0.111210375,6,-29,21,-17,10,-38,19,-28,15,-54,20,-45,24,54.06926829,54.88958333,63.72708333,62.89861111,57.54893617,54.4,69
2020-05-16T00:00:00.000+0000,1247,34,875,3450,519,112,1178,83,789,3560,755,607,1213,71,992,3446,380,731,1149,81,888,3242,927,226,1184,82,927.4285714,3557.285714,632.5714286,446.4285714,0.916560753,-0.472643559,-0.19888536,0.831546025,-0.242242918,-0.831873671,7,-23,10,-12,5,-36,9,-31,14,-54,15,-46,15,54.65728155,55.31,63.138,63.28666667,57.8106383,55.4,-121
2020-05-17T00:00:00.000+0000,1126,48,675,3534,617,33,1247,34,875,3450,519,112,1178,83,789,3560,755,607,1213,71,992,3446,380,731,1177.285714,72.57142857,909.2857143,3501.714286,641.4285714,412.7142857,0.775551404,-0.252069789,-0.383786504,0.861805109,-0.118727026,-0.975964285,1,-27,8,-4,3,-37,5,-26,9,-54,12,-45,12,54.55485437,55.324,63.69,64.34,58.50909091,57.4,-47
2020-05-18T00:00:00.000+0000,1079,20,451,2711,182,314,1126,48,675,3534,617,33,1247,34,875,3450,519,112,1178,83,789,3560,755,607,1163.857143,65.42857143,867.4285714,3335.142857,567.8571429,393,0.718478006,-0.720908957,-0.614510348,0.541045951,-0.743995379,-0.503312688,2,-34,24,-10,8,-32,16,-31,13,-44,14,-43,22,54.52524272,56.102,64.51,64.00666667,57.79111111,64.3,3
2020-05-19T00:00:00.000+0000,1082,62,813,2412,1227,874,1079,20,451,2711,182,314,1126,48,675,3534,617,33,1247,34,875,3450,519,112,1153.428571,57,783.2857143,3193.571429,658.1428571,413.8571429,0.722161198,-0.055671303,-0.254240474,0.409491089,0.482047287,0.177754317,3,-22,18,-7,9,-29,16,-28,14,-46,15,-39,22,54.92087379,56.708,64.994,63.75466667,58.45,66.35,0
2020-05-20T00:00:00.000+0000,1082,0,665,525,695,641,1082,62,813,2412,1227,874,1079,20,451,2711,182,314,1126,48,675,3534,617,33,1143.857143,45.42857143,751.4285714,2805.428571,625,473.1428571,0.722161198,-1.131904734,-0.393529494,-0.68886437,-0.026589698,-0.07115696,4,-18,17,1,6,-25,12,-25,12,-43,15,-36,22,55.87621359,56.808,65.606,63.996,59.35853659,63.55,85
2020-05-21T00:00:00.000+0000,1167,57,642,2615,548,237,1082,0,665,525,695,641,1082,62,813,2412,1227,874,1079,20,451,2711,182,314,1137.285714,43.42857143,701.4285714,2686.714286,649,402.5714286,0.824264835,-0.123237781,-0.416127659,0.499771621,-0.204753404,-0.622250993,5,-19,18,-6,18,-34,22,-24,12,-40,15,-39,23,55.70536585,56.74,66.206,64.59066667,59.49756098,59,38
2020-05-22T00:00:00.000+0000,1205,89,652,3287,689,339,1167,57,642,2615,548,237,1082,0,665,525,695,641,1082,62,813,2412,1227,874,1141.142857,44.28571429,681.8571429,2647.714286,639.5714286,364.2857143,0.868550088,0.265623041,-0.406269785,0.771318863,-0.033492467,-0.46624428,6,-16,18,-9,14,-30,20,-18,13,-38,14,-42,24,56.08585366,57.088,65.906,64.94933333,60.05555556,60.4,-1
2020-05-23T00:00:00.000+0000,1204,23,669,2959,276,319,1205,89,652,3287,689,339,1167,57,642,2615,548,237,1082,0,665,525,695,641,1135,42.71428571,652.4285714,2577.571429,604.8571429,393.8571429,0.867395113,-0.665182041,-0.389626348,0.643704481,-0.590758585,-0.495839935,7,-13,9,-16,7,-34,10,-16,11,-34,8,-46,15,56.54417476,56.744,66.552,64.804,60.27272727,60.7,-249
2020-05-24T00:00:00.000+0000,955,14,531,2405,342,105,1204,23,669,2959,276,319,1205,89,652,3287,689,339,1167,57,642,2615,548,237,1110.571429,37.85714286,631.8571429,2416.285714,565.5714286,404.1428571,0.561208671,-0.83678022,-0.529018826,0.406302649,-0.489637625,-0.844261696,1,-16,6,-13,3,-30,3,-20,8,-36,5,-41,11,57.28543689,56.81,66.542,64.93333333,59.90434783,55,58
2020-05-25T00:00:00.000+0000,1013,31,300,1625,272,307,955,14,531,2405,342,105,1204,23,669,2959,276,319,1205,89,652,3287,689,339,1101.142857,39.42857143,610.2857143,2261.142857,578.4285714,403.1428571,0.636016683,-0.523381799,-0.786062211,0.015557339,-0.597053951,-0.513824687,2,-19,16,-10,8,-26,15,-20,10,-38,12,-31,24,57.91893204,57.16,66.428,65.44666667,60.39111111,58.65,-42
2020-05-26T00:00:00.000+0000,971,42,397,4043,600,279,1013,31,300,1625,272,307,955,14,531,2405,342,105,1204,23,669,2959,276,319,1085.285714,36.57142857,550.8571429,2494.142857,488.8571429,318.1428571,0.582070915,-0.343448524,-0.674283144,1.034676611,-0.139516965,-0.556465468,3,-16,16,-4,8,-23,15,-21,11,-37,12,-34,21,58.1776699,57.98,66.084,65.81066667,61,64.05,-72
2020-05-27T00:00:00.000+0000,899,28,584,2013,324,157,971,42,397,4043,600,279,1013,31,300,1625,272,307,955,14,531,2405,342,105,1059.142857,40.57142857,539.2857143,2706.714286,435.8571429,249,0.486792618,-0.575427334,-0.474309867,0.219144679,-0.516709454,-0.753924868,4,-14,16,-1,7,-23,13,-17,10,-36,12,-34,22,59.17475728,58.31,65.914,65.37066667,60.17826087,68.15,88
2020-05-28T00:00:00.000+0000,987,53,593,1887,672,3265,899,28,584,2013,324,157,971,42,397,4043,600,279,1013,31,300,1625,272,307,1033.428571,40,532.2857143,2602.714286,453.5714286,681.5714286,0.602760044,-0.17931874,-0.465167565,0.155160911,-0.05321483,1.368858722,5,-18,17,-2,8,-23,14,-16,10,-36,13,-31,22,59.1184466,58.898,66.022,65.94266667,59.5,73.2,-54
2020-05-29T00:00:00.000+0000,933,75,516,2095,726,507,987,53,593,1887,672,3265,899,28,584,2013,324,157,971,42,397,4043,600,279,994.5714286,38,512.8571429,2432.428571,458.8571429,705.5714286,0.532236024,0.107696249,-0.544777554,0.259747476,0.008599475,-0.235176763,6,-16,18,5,7,-21,15,-8,11,-37,13,-30,22,59.22135922,59.3,67.058,65.34266667,63.01086957,75.3,-161
2020-05-30T00:00:00.000+0000,772,43,416,1604,267,1800,933,75,516,2095,726,507,987,53,593,1887,672,3265,899,28,584,2013,324,157,932.8571429,40.85714286,476.7142857,2238.857143,457.5714286,917.1428571,0.309482067,-0.327899813,-0.65305709,0.003964067,-0.604950591,0.849249802,7,-14,9,10,2,-17,5,-11,8,-30,7,-30,12,58.8592233,58.514,68.018,66.236,63.57959184,67.7,26
2020-05-31T00:00:00.000+0000,798,35,333,1936,221,235,772,43,416,1604,267,1800,933,75,516,2095,726,507,987,53,593,1887,672,3265,910.4285714,43.85714286,448.4285714,2171.857143,440.2857143,935.7142857,0.346793123,-0.456014736,-0.747381009,0.180277503,-0.679054401,-0.625439561,1,-19,7,16,0,-18,2,-19,7,-30,5,-30,9,58.89271845,58.02,68.368,66.72666667,63.16304348,66.1,11
2020-06-01T00:00:00.000+0000,809,36,200,1570,184,101,798,35,333,1936,221,235,772,43,416,1604,267,1800,933,75,516,2095,726,507,881.2857143,44.57142857,434.1428571,2164,427.7142857,906.2857143,0.36241759,-0.439525575,-0.907585613,-0.014938245,-0.740616658,-0.851372928,2,-13,14,11,16,-25,20,-17,8,-23,11,-30,19,59.2461165,58.024,68.656,65.92133333,64.1974359,49.9,-136
2020-06-02T00:00:00.000+0000,673,50,318,1653,285,972,809,36,200,1570,184,101,798,35,333,1936,221,235,772,43,416,1604,267,1800,838.7142857,45.71428571,422.8571429,1822.571429,382.7142857,1005.285714,0.162308867,-0.222608128,-0.764878321,0.03091904,-0.576664942,0.270500366,3,-17,16,12,6,-11,11,-14,8,-24,16,-29,19,58.79708738,58.808,68.34,66.38933333,63.568,60.35,8
2020-06-03T00:00:00.000+0000,681,30,321,1871,242,3856,673,50,318,1653,285,972,809,36,200,1570,184,101,798,35,333,1936,221,235,807.5714286,46,385.2857143,1802.285714,371,1533.714286,0.174512971,-0.540583147,-0.761367574,0.146893925,-0.64489583,1.487309156,4,-15,16,5,7,-17,11,-14,8,-30,10,-42,22,59.57669903,58.928,68.998,66.58133333,62.93958333,58.7,-53
2020-06-04T00:00:00.000+0000,628,44,177,1805,351,2850,681,30,321,1871,242,3856,673,50,318,1653,285,972,809,36,200,1570,184,101,756.2857143,44.71428571,325.8571429,1790.571429,325.1428571,1474.428571,0.092593773,-0.312480314,-0.936486482,0.112445341,-0.476240958,1.261660847,5,-7,15,-8,9,-22,13,-12,8,-36,12,-40,22,59.78058252,58.876,69.3,66.712,62.022,58.8,50
2020-06-05T00:00:00.000+0000,678,47,518,1650,452,552,628,44,177,1805,351,2850,681,30,321,1871,242,3856,673,50,318,1653,285,972,719.8571429,40.71428571,326.1428571,1727,286,1480.857143,0.169943037,-0.266984731,-0.542669274,0.02927836,-0.332025784,-0.178221746,6,-4,15,-5,9,-18,13,-3,9,-28,11,-39,22,60.03737864,59.27,69.586,66.66666667,63.854,61.85,-150
2020-06-06T00:00:00.000+0000,528,42,270,1557,526,529,678,47,518,1650,452,552,628,44,177,1805,351,2850,681,30,321,1871,242,3856,685,40.57142857,305.2857143,1720.285714,323,1299.285714,-0.069145615,-0.343448524,-0.821829025,-0.022209194,-0.233119508,-0.207086949,7,-8,8,2,4,-11,4,-3,7,-18,4,-43,14,59.89902913,59.052,70.482,67.64133333,64.69795918,58.45,175
2020-06-07T00:00:00.000+0000,703,39,197,1326,300,293,528,42,270,1557,526,529,678,47,518,1650,452,552,628,44,177,1805,351,2850,671.4285714,41.14285714,285.8571429,1633.142857,334.2857143,1307.571429,0.207785926,-0.390882561,-0.911334639,-0.155580044,-0.553391919,-0.535025698,1,-8,5,-1,3,-18,0,-10,5,-30,4,-39,10,60.393,58.578,70.14693878,66.924,63.52857143,51.05,-102
2020-06-08T00:00:00.000+0000,601,21,280,1205,359,98,703,39,197,1326,300,293,528,42,270,1557,526,529,678,47,518,1650,452,552,641.7142857,39,297.2857143,1581,359.2857143,1307.142857,0.04987245,-0.7021735,-0.809842249,-0.228750498,-0.464409914,-0.856721871,2,-9,14,2,7,-16,11,-12,7,-32,10,-36,19,61.007,58.462,70.22,66.97733333,63.38,50.65,-139