Date,canada_cases,japan_cases,italy_cases,uk_cases,germany_cases,france_cases,canada_1lag,japan_1lag,italy_1lag,uk_1lag,germany_1lag,france_1lag,canada_2lag,japan_2lag,italy_2lag,uk_2lag,germany_2lag,france_2lag,canada_3lag,japan_3lag,italy_3lag,uk_3lag,germany_3lag,france_3lag,canada_ma,japan_ma,italy_ma,uk_ma,germany_ma,france_ma,canada_pt,japan_pt,italy_pt,uk_pt,germany_pt,france_pt,dow,Canada_Outdoor_Mobility,Canada_indoorMobility,Germany_Outdoor_Mobility,Germany_indoorMobility,France_Outdoor_Mobility,France_indoorMobility,Japan_Outdoor_Mobility,Japan_indoorMobility,Italy_Outdoor_Mobility,Italy_indoorMobility,United_Kingdom_Outdoor_Mobility,United_Kingdom_indoorMobility,temp_canada,temp_uk,temp_italy,temp_japan,temp_germany,temp_france
2020-02-15T00:00:00.000+0000,0,14,0,0,0,1,0,1,0,0,0,0,0,0,0,0,0,0,0,2,0,1,0,0,0,2.5714285714285716,0,0.8571428571428571,0.42857142857142855,0.14285714285714285,-1.1218858477621303,-0.7954695857762899,-1.1716774982661629,-1.1086165292842407,-1.0749615314411505,-1.015342926505512,7,14,0,25,-1,15,-1,18,0,33,-1,7,2,19.262200956937807,43.473076923076924,42.971153846153854,36.91923076923077,34.547999999999995,47.35
2020-02-16T00:00:00.000+0000,0,16,0,0,0,0,0,14,0,0,0,1,0,1,0,0,0,0,0,0,0,0,0,0,0,4.714285714285714,0,0.8571428571428571,0.2857142857142857,0.14285714285714285,-1.1218858477621303,-0.753735494926352,-1.1716774982661629,-1.1086165292842407,-1.0749615314411505,-1.017298777731317,1,8,-2,7,0,-2,-1,2,2,21,-2,-3,1,19.704784688995215,43.27307692307693,43.607692307692304,36.20897435897436,36.21176470588236,47.7
2020-02-17T00:00:00.000+0000,1,7,0,0,0,0,0,16,0,0,0,0,0,14,0,0,0,1,0,1,0,0,0,0,0.14285714285714285,5.714285714285714,0,0.14285714285714285,0.2857142857142857,0.14285714285714285,-1.1194942519526727,-0.947766221046188,-1.1716774982661629,-1.1086165292842407,-1.0749615314411505,-1.017298777731317,2,-9,11,14,0,1,4,7,1,10,0,13,2,20.393749999999997,43.20192307692308,44.28461538461538,36.44102564102563,34.41666666666667,49.900000000000006
2020-02-18T00:00:00.000+0000,0,8,0,0,0,0,1,7,0,0,0,0,0,16,0,0,0,0,0,14,0,0,0,1,0.14285714285714285,6.857142857142857,0,0.14285714285714285,0,0.14285714285714285,-1.1218858477621303,-0.9253994615186594,-1.1716774982661629,-1.1086165292842407,-1.0749615314411505,-1.017298777731317,3,5,1,12,1,5,3,8,1,13,0,12,2,21.082692307692312,42.723076923076924,44.07307692307692,35.506493506493506,34.573076923076904,49.35
2020-02-19T00:00:00.000+0000,0,10,0,0,0,0,0,8,0,0,0,0,1,7,0,0,0,0,0,16,0,0,0,0,0.14285714285714285,8,0,0,0,0.14285714285714285,-1.1218858477621303,-0.8812847035141453,-1.1716774982661629,-1.1086165292842407,-1.0749615314411505,-1.017298777731317,4,6,0,9,1,1,2,9,0,13,0,13,3,22.175119617224876,43.030769230769224,43.90576923076923,36.780769230769224,35.49555555555555,47.45
2020-02-20T00:00:00.000+0000,0,10,0,0,0,0,0,10,0,0,0,0,0,8,0,0,0,0,1,7,0,0,0,0,0.14285714285714285,9.428571428571429,0,0,0,0.14285714285714285,-1.1218858477621303,-0.8812847035141453,-1.1716774982661629,-1.1086165292842407,-1.0749615314411505,-1.017298777731317,5,10,0,12,1,4,3,11,0,17,0,10,3,22.630769230769236,43.14615384615383,43.59423076923076,37.666666666666664,36.678431372549014,46.2
2020-02-21T00:00:00.000+0000,1,11,17,0,0,0,0,10,0,0,0,0,0,10,0,0,0,0,0,8,0,0,0,0,0.2857142857142857,10.857142857142858,2.4285714285714284,0,0,0.14285714285714285,-1.1194942519526727,-0.8595323341813708,-1.1480623566083197,-1.1086165292842407,-1.0749615314411505,-1.017298777731317,6,17,1,18,2,10,3,21,1,23,-1,17,3,22.80769230769232,43.59423076923077,44.23461538461539,36.84743589743589,36.290196078431364,49
2020-02-22T00:00:00.000+0000,0,17,42,0,0,0,1,11,17,0,0,0,0,10,0,0,0,0,0,10,0,0,0,0,0.2857142857142857,11.285714285714286,8.428571428571429,0,0,0,-1.1218858477621303,-0.7331546345447322,-1.113743378594679,-1.1086165292842407,-1.0749615314411505,-1.017298777731317,7,19,-1,23,0,16,-1,27,2,29,-1,17,1,22.65598086124401,43.4826923076923,45.0076923076923,39.651282051282045,35.70943396226416,50.1
2020-02-23T00:00:00.000+0000,0,25,93,0,0,0,0,17,42,0,0,0,1,11,17,0,0,0,0,10,0,0,0,0,0.2857142857142857,12.571428571428571,21.714285714285715,0,0,0,-1.1218858477621303,-0.5751171492722155,-1.0452093158875813,-1.1086165292842407,-1.0749615314411505,-1.017298777731317,1,3,-1,2,0,3,-1,22,0,14,0,1,0,22.250480769230784,43.917307692307695,44.44423076923076,39.09358974358974,34.094117647058816,51
2020-02-24T00:00:00.000+0000,1,12,74,4,0,0,0,25,93,0,0,0,0,17,42,0,0,0,1,11,17,0,0,0,0.2857142857142857,13.285714285714286,32.285714285714285,0.5714285714285714,0,0,-1.1194942519526727,-0.837980434293299,-1.0705131755733208,-1.1051198565227585,-1.0749615314411505,-1.017298777731317,2,4,0,7,4,4,3,8,14,2,4,2,1,22.05776699029127,42.80769230769231,44.50961538461539,37.50897435897436,35.398181818181826,45.8
2020-02-25T00:00:00.000+0000,1,11,93,0,1,2,1,12,74,4,0,0,0,25,93,0,0,0,0,17,42,0,0,0,0.42857142857142855,13.714285714285714,45.57142857142857,0.5714285714285714,0.14285714285714285,0.2857142857142857,-1.1194942519526727,-0.8595323341813708,-1.0452093158875813,-1.1086165292842407,-1.073008432437601,-1.0133887644200832,3,4,0,6,4,2,4,5,1,-7,5,6,0,20.816826923076903,43.33846153846154,44.87884615384615,39.03717948717948,36.95882352941176,49.9
2020-02-26T00:00:00.000+0000,0,19,131,0,10,4,1,11,93,0,1,2,1,12,74,4,0,0,0,25,93,0,0,0,0.42857142857142855,15,64.28571428571429,0.5714285714285714,1.5714285714285714,0.8571428571428571,-1.1218858477621303,-0.6925552968060373,-0.9953980900449138,-1.1086165292842407,-1.0555011849570612,-1.00948550047726,4,0,1,3,2,0,3,3,1,-15,6,7,0,20.644497607655513,42.5923076923077,44.59423076923076,38.84487179487179,38.03846153846154,52.4
2020-02-27T00:00:00.000+0000,2,25,202,2,19,20,0,19,131,0,10,4,1,11,93,0,1,2,1,12,74,4,0,0,0.7142857142857143,17.142857142857142,93.14285714285714,0.8571428571428571,4.285714285714286,3.7142857142857144,-1.1171044972567585,-0.5751171492722155,-0.9050896855546319,-1.10686762661013,-1.0381203237685244,-0.978500650189688,5,-2,4,6,2,0,4,0,1,-14,6,7,0,20.809569377990435,42.40384615384615,44.83076923076924,38.53589743589743,36.70425531914895,54.75
2020-02-28T00:00:00.000+0000,1,14,233,5,2,19,2,25,202,2,19,20,0,19,131,0,10,4,1,11,93,0,1,2,0.7142857142857143,17.571428571428573,124,1.5714285714285714,4.571428571428571,6.428571428571429,-1.1194942519526727,-0.7954695857762899,-0.8667498502295724,-1.1042463958501165,-1.0710569073233853,-0.9804247131562825,6,12,1,15,2,8,4,4,2,-9,5,12,1,21.331578947368417,42.025000000000006,45.16153846153846,39.81025641025641,38.015094339622635,51.15
2020-02-29T00:00:00.000+0000,6,13,240,3,31,43,1,14,233,5,2,19,2,25,202,2,19,20,0,19,131,0,10,4,1.5714285714285714,17,152.28571428571428,2,9,12.571428571428571,-1.1075638431780017,-0.8166268832530121,-0.8581818631989998,-1.1059936000629218,-1.0151405630458483,-0.934700547165994,7,16,0,17,1,7,1,2,4,-7,3,15,0,22.14444444444446,42.22307692307693,46.66346153846154,40.465384615384615,37.137735849056604,51.35
2020-03-01T00:00:00.000+0000,4,15,566,13,51,30,6,13,240,3,31,43,1,14,233,5,2,19,2,25,202,2,19,20,2.142857142857143,15.571428571428571,219.85714285714286,3.857142857142857,16.285714285714285,16.857142857142858,-1.112330501911308,-0.7745064715551508,-0.49272226838706823,-1.0972688769873165,-0.9773290559517187,-0.9593507756657458,1,2,-1,9,0,-9,0,-2,4,-22,4,5,-1,22.84927536231886,41.72884615384617,47.01923076923075,38.81410256410256,37.56938775510205,52.05
2020-03-02T00:00:00.000+0000,3,18,342,4,29,61,4,15,566,13,51,30,6,13,240,3,31,43,1,14,233,5,2,19,2.4285714285714284,16.428571428571427,258.14285714285717,3.857142857142857,20.428571428571427,25.571428571428573,-1.114716581349806,-0.7127618930612987,-0.7369499990883513,-1.1051198565227585,-1.0189551628919635,-0.9010194085257834,2,2,1,6,0,-7,3,-1,4,-23,5,5,0,21.129665071770315,41.748076923076916,46.92884615384616,38.948717948717935,39.02307692307692,55.849999999999994
2020-03-03T00:00:00.000+0000,3,19,466,11,37,13,3,18,342,4,29,61,4,15,566,13,51,30,6,13,240,3,31,43,2.7142857142857144,17.571428571428573,311.42857142857144,5.428571428571429,25.571428571428573,27.142857142857142,-1.114716581349806,-0.6925552968060373,-0.598206664451624,-1.0990115642304967,-1.003733416580727,-0.9920039519004192,3,6,0,5,1,-2,2,1,4,-18,4,6,0,21.233971291866023,41.63846153846154,47.79423076923077,39.980769230769226,38.36037735849056,49.95
2020-03-04T00:00:00.000+0000,3,38,587,34,66,81,3,19,466,11,37,13,3,18,342,4,29,61,4,15,566,13,51,30,3.142857142857143,20.285714285714285,376.57142857142856,10.285714285714286,33.57142857142857,38.142857142857146,-1.114716581349806,-0.34153571564334617,-0.4712577129664243,-1.0790384598617555,-0.9493648576696618,-0.8641978715715282,4,8,1,5,1,-3,2,-3,5,-16,4,6,1,21.096650717703348,42.57500000000001,47.59423076923077,41.384615384615394,38.35471698113207,51.05
2020-03-05T00:00:00.000+0000,4,29,769,30,220,92,3,38,587,34,66,81,3,19,466,11,37,13,3,18,342,4,29,61,3.4285714285714284,20.857142857142858,457.57142857142856,14.285714285714286,62.285714285714285,48.42857142857143,-1.112330501911308,-0.5003094324887098,-0.2945736128164269,-1.0825014047549089,-0.68069496919424,-0.8442115115591338,5,12,1,3,1,-5,3,2,4,-22,7,4,1,21.461538461538456,44.06923076923077,46.67307692307691,41.564102564102555,38.40204081632652,50.95
2020-03-06T00:00:00.000+0000,12,60,778,48,188,276,4,29,769,30,220,92,3,38,587,34,66,81,3,19,466,11,37,13,5,27.428571428571427,535.4285714285714,20.428571428571427,88.85714285714286,85.14285714285714,-1.093307702146104,-0.002865374550209771,-0.2862513182554288,-1.0669532147278606,-0.7338750789049823,-0.5358505662188154,6,13,1,8,2,3,3,7,5,-21,8,16,0,21.73124999999999,45.12307692307692,46.873076923076916,40.10384615384614,38.91538461538461,48.25
2020-03-07T00:00:00.000+0000,5,41,1247,43,129,296,12,60,778,48,188,276,4,29,769,30,220,92,3,38,587,34,66,81,4.857142857142857,31.428571428571427,679.2857142857143,26.142857142857142,102.85714285714286,121.28571428571429,-1.1099462566248317,-0.29139019224464574,0.10038152591063011,-1.0712631259247984,-0.835494317742649,-0.505075280289661,7,14,0,16,1,8,1,-1,5,-20,6,19,0,24.24471153846154,44.969230769230776,46.719230769230755,40.8076923076923,39.58301886792453,48.7
2020-03-08T00:00:00.000+0000,10,41,1492,67,241,177,5,41,1247,43,129,296,12,60,778,48,188,276,4,29,769,30,220,92,5.714285714285714,35.142857142857146,811.5714285714286,33.857142857142854,130,142.28571428571428,-1.0980524616813152,-0.29139019224464574,0.2707033394235197,-1.0506385232095992,-0.6465098112117624,-0.6958743936166722,1,4,0,9,0,-10,1,-3,6,-29,6,2,-1,24.28899521531101,44.83076923076923,47.692307692307665,40.92692307692309,40.60384615384616,53.599999999999994
2020-03-09T00:00:00.000+0000,13,9,1797,48,136,83,10,41,1492,67,241,177,5,41,1247,43,129,296,12,60,778,48,188,276,7.142857142857143,33.857142857142854,1019.4285714285714,40.142857142857146,145.28571428571428,145.42857142857142,-1.0909380471695673,-0.9032396885426732,0.45803983687837435,-1.0669532147278606,-0.8231894492247888,-0.8605500817151033,2,5,1,1,1,-8,2,2,4,-40,11,1,1,25.076328502415457,45.64200000000002,48.152,41.39866666666667,41.28490566037736,53.3
2020-03-10T00:00:00.000+0000,2,70,977,61,281,575,13,9,1797,48,136,83,10,41,1492,67,241,177,5,41,1247,43,129,296,7,41.142857142857146,1092.4285714285713,47.285714285714285,180.14285714285714,225.71428571428572,-1.1171044972567585,0.13086811853868816,-0.11141578501502998,-1.0557797912606435,-0.5829166920614153,-0.12351799355656036,3,0,1,-4,3,-7,2,2,6,-51,16,2,1,27.144497607655484,44.734615384615395,48.15192307692309,40.891025641025664,40.212500000000006,46.7
2020-03-11T00:00:00.000+0000,29,58,2313,74,451,497,2,70,977,61,281,575,13,9,1797,48,136,83,10,41,1492,67,241,177,10.714285714285714,44,1339,53,235.14285714285714,285.14285714285717,-1.053268663168779,-0.031027051232338072,0.723939596030247,-1.0446528539923903,-0.33340031211627846,-0.22184697387316923,4,3,1,0,2,-3,1,10,3,-56,19,2,1,28.292344497607665,44.728846153846156,48.205769230769235,41.351282051282055,41.794000000000004,47.8
2020-03-12T00:00:00.000+0000,9,0,2651,0,170,0,29,58,2313,74,451,497,2,70,977,61,281,575,13,9,1797,48,136,83,11.428571428571429,39.857142857142854,1607.857142857143,48.714285714285715,228,272,-1.1004275708123876,-1.1103195453342432,0.8699492145097709,-1.1086165292842407,-0.7643793809018914,-1.017298777731317,5,2,1,-6,2,-8,1,9,3,-68,24,-2,2,28.318181818181817,44.92692307692307,49.14423076923078,42.517948717948734,40.43333333333334,45.95
2020-03-13T00:00:00.000+0000,74,62,2547,342,1597,1380,9,0,2651,0,170,0,29,58,2313,74,451,497,2,70,977,61,281,575,20.285714285714285,40.142857142857146,1860.5714285714287,90.71428571428571,429.2857142857143,429.7142857142857,-0.9497344673985206,0.024812128400794702,0.8270963066487084,-0.8251502350531096,0.7413642216074182,0.6178238214570435,6,-4,5,-8,4,-8,3,6,5,-71,28,2,2,28.92535885167464,45.53461538461537,49.20192307692308,43.216666666666654,40.504255319148946,49.2
2020-03-14T00:00:00.000+0000,5,72,3497,342,910,808,74,62,2547,342,1597,1380,9,0,2651,0,170,0,29,58,2313,74,451,497,20.285714285714285,44.57142857142857,2182,133.42857142857142,540.8571428571429,502.85714285714283,-1.1099462566248317,0.15626373879021477,1.1621223430392809,-0.8251502350531096,0.20207208236715374,0.13747018832903563,7,-10,5,-8,4,-16,5,3,7,-76,25,1,2,29.38516746411487,46.54807692307692,50.134615384615394,43.66923076923078,40.94117647058823,53.55
2020-03-15T00:00:00.000+0000,54,66,3590,0,1210,30,5,72,3497,342,910,808,74,62,2547,342,1597,1380,9,0,2651,0,170,0,26.571428571428573,48.142857142857146,2481.714285714286,123.85714285714286,679.2857142857143,481.85714285714283,-0.9953179103014187,0.07875257398895981,1.1890612841154073,-1.1086165292842407,0.46852815440678197,-0.9593507756657458,1,-18,4,-9,2,-31,3,7,3,-79,22,-16,2,28.21244019138756,46.79999999999999,50.59999999999998,44.18333333333331,43.62549019607843,54.5
2020-03-16T00:00:00.000+0000,163,0,3233,403,1477,2134,54,66,3590,0,1210,30,5,72,3497,342,910,808,74,62,2547,342,1597,1380,48,46.857142857142854,2686.8571428571427,174.57142857142858,870.8571428571429,774.8571428571429,-0.7548247575440687,-1.1103195453342432,1.0805761608496058,-0.7776838814350913,0.6640759830473757,1.024828332311457,2,-21,10,-16,6,-39,13,7,4,-73,27,-12,4,28.544711538461538,46.009615384615394,50.64423076923078,45.39358974358975,44.18148148148148,48.25
2020-03-17T00:00:00.000+0000,57,39,3526,407,1985,1019,163,0,3233,403,1477,2134,54,66,3590,0,1210,30,5,72,3497,342,910,808,55.857142857142854,42.42857142857143,3051,224,1114.2857142857142,838.2857142857143,-0.9884368604129308,-0.3246713969346165,1.1706181031290896,-0.7746020009793553,0.954377205054419,0.33775921618354826,3,-30,14,-25,10,-63,24,12,4,-75,29,-23,7,29.596634615384612,45.00000000000001,51.16153846153847,46.2846153846154,43.69787234042553,46.3
2020-03-18T00:00:00.000+0000,178,11,4207,676,3070,1391,57,39,3526,407,1985,1019,163,0,3233,403,1477,2134,54,66,3590,0,1210,30,77.14285714285714,35.714285714285715,3321.5714285714284,310,1488.4285714285713,966,-0.72318951784978,-0.8595323341813708,1.3474062692864002,-0.5755801628501427,1.3429836901580479,0.6253116722079027,4,-33,16,-28,11,-73,29,14,3,-76,30,-28,10,29.885167464114815,44.994230769230775,51.38653846153846,46.23589743589743,41.56739130434784,46
2020-03-19T00:00:00.000+0000,143,35,5322,63,2993,1828,178,11,4207,676,3070,1391,57,39,3526,407,1985,1019,163,0,3233,403,1477,2134,96.28571428571429,40.714285714285715,3703.1428571428573,319,1891.7142857142858,1227.142857142857,-0.7975353311779435,-0.393042097232232,1.5638876912183184,-1.0540649364149022,1.322601554587981,0.8827556300384809,5,-35,17,-37,14,-74,32,22,2,-76,31,-29,11,30.54976076555024,45.68461538461539,50.376923076923084,44.87051282051282,39.378260869565224,47.7
2020-03-20T00:00:00.000+0000,142,39,5909,1294,4528,1741,143,35,5322,63,2993,1828,178,11,4207,676,3070,1391,57,39,3526,407,1985,1019,106,37.42857142857143,4183.428571428572,455,2310.4285714285716,1278.7142857142858,-0.7996869927955879,-0.3246713969346165,1.6516027240899522,-0.1724081406180088,1.6079663561864055,0.8371480334540009,6,-40,20,-44,16,-76,36,20,17,-76,32,-31,13,31.296650717703354,45.41346153846154,50.17115384615386,45.25384615384615,41.18085106382978,50.45
2020-03-21T00:00:00.000+0000,334,44,5909,1035,2365,1670,142,39,5909,1294,4528,1741,143,35,5322,63,2993,1828,178,11,4207,676,3070,1391,153,33.42857142857143,4528,554,2518.285714285714,1401.857142857143,-0.41298247266221694,-0.24256436304789117,1.6516027240899522,-0.33301175014447465,1.1190624709206982,0.7980020912392239,7,-41,13,-54,13,-79,24,20,3,-79,26,-39,11,30.75693779904308,45.41730769230769,50.58461538461537,45.12948717948718,42.596078431372554,52.35
2020-03-22T00:00:00.000+0000,189,94,5560,665,2660,1736,334,44,5909,1035,2365,1670,142,39,5909,1294,4528,1741,143,35,5322,63,2993,1828,172.28571428571428,37.42857142857143,4809.428571428572,649,2725.4285714285716,1645.5714285714287,-0.7002031419544176,0.4089854490658723,1.6012664812014488,-0.5834127040872267,1.2237288992456126,0.8344493054050613,1,-48,11,-51,10,-81,18,12,3,-86,24,-43,9,29.74354066985646,46.017307692307675,49.926923076923075,43.49358974358976,42.6076923076923,52.6
2020-03-23T00:00:00.000+0000,619,27,4789,967,4183,3838,189,94,5560,665,2660,1736,334,44,5909,1035,2365,1670,142,39,5909,1294,4528,1741,237.42857142857142,41.285714285714285,5031.714285714285,729.5714285714286,3112,1889,0.07842898111945054,-0.5373744852188546,1.4698038510971663,-0.3770957524185596,1.561480076055549,1.4868888328386147,2,-50,20,-48,16,-75,32,12,3,-79,32,-44,17,29.80861244019139,46.111538461538444,50.13653846153845,44.63461538461538,44.8,52.3
2020-03-24T00:00:00.000+0000,702,65,5249,1427,3930,2448,619,27,4789,967,4183,3838,189,94,5560,665,2660,1736,334,44,5909,1035,2365,1670,329.57142857142856,45,5277.857142857143,875.2857142857143,3389.8571428571427,2093.1428571428573,0.20628260868349965,0.06544137476301858,1.551883836957738,-0.09415838161023736,1.522087134996701,1.145709530508934,3,-50,22,-47,18,-76,34,15,4,-79,32,-57,24,30.864114832535865,46.77307692307694,50.33461538461539,45.04102564102563,43.873913043478254,48.8
2020-03-25T00:00:00.000+0000,461,114,5210,1452,4337,2929,702,65,5249,1427,3930,2448,619,27,4789,967,4183,3838,189,94,5560,665,2660,1736,370,59.714285714285715,5421.142857142857,986.1428571428571,3570.8571428571427,2312.8571428571427,-0.1831517233743663,0.6018707900471635,1.5453623765039883,-0.07975206122467854,1.5831820858124739,1.2933085937919482,4,-50,23,-46,18,-77,32,17,2,-80,34,-59,26,32.29138755980861,46.54807692307691,50.56346153846153,45.83846153846154,43.579545454545446,48.75
2020-03-26T00:00:00.000+0000,791,80,5909,2129,6365,3922,461,114,5210,1452,4337,2929,702,65,5249,1427,3930,2448,619,27,4789,967,4183,3838,462.57142857142856,66.14285714285714,5505,1281.2857142857142,4052.5714285714284,2612,0.33680072914577786,0.25362886277889896,1.6516027240899522,0.2776798180834606,1.7631387727819745,1.5006973254701392,5,-53,25,-46,18,-77,34,11,3,-81,35,-60,27,33.5909090909091,46.17115384615386,51.04423076923077,46.569230769230764,44.30212765957445,49.35
2020-03-27T00:00:00.000+0000,640,81,5909,2885,6365,3809,791,80,5909,2129,6365,3922,461,114,5210,1452,4337,2929,702,65,5249,1427,3930,2448,533.7142857142857,72.14285714285714,5505,1508.5714285714287,4315,2907.4285714285716,0.11136395055164618,0.26534175484316497,1.6516027240899522,0.6143419488430912,1.7631387727819745,1.4819891565910712,6,-50,26,-43,19,-78,37,1,6,-80,36,-61,28,34.82822966507177,46.375000000000014,51.58653846153846,47.571794871794864,43.59148936170211,50.8
2020-03-28T00:00:00.000+0000,894,225,5909,2546,6365,4611,640,81,5909,2885,6365,3809,791,80,5909,2129,6365,3922,461,114,5210,1452,4337,2929,613.7142857142857,98,5505,1724.4285714285713,4886.428571428572,3327.5714285714284,0.48004018240389645,1.2615616085411807,1.6516027240899522,0.47050503872305305,1.7631387727819745,1.595470070036659,7,-55,17,-41,12,-79,25,-10,7,-81,27,-67,20,36.32248803827753,46.350000000000016,52.19615384615384,47.620512820512815,45.05200000000001,53.55
2020-03-29T00:00:00.000+0000,704,173,5217,2433,4400,2599,894,225,5909,2546,6365,4611,640,81,5909,2885,6365,3809,791,80,5909,2129,6365,3922,687.2857142857143,109.28571428571429,5456,1977,5135,3450.8571428571427,0.20928838141065784,1.0202461666142284,1.5465385323485559,0.42007561130403,1.591607183753717,1.196415091291416,1,-57,14,-61,11,-82,18,-8,7,-86,24,-70,15,37.054545454545476,47.650000000000006,52.55769230769231,47.433333333333344,46.326,56.400000000000006
2020-03-30T00:00:00.000+0000,1118,0,4050,2619,4790,4376,704,173,5217,2433,4400,2599,894,225,5909,2546,6365,4611,640,81,5909,2885,6365,3809,758.5714285714286,105.42857142857143,5350.428571428572,2213,5221.714285714285,3527.714285714286,0.765930891758351,-1.1103195453342432,1.3102063020345036,0.5024030427989769,1.6385378695473405,1.5664794734222367,2,-56,23,-47,17,-77,33,-2,5,-79,32,-64,27,36.65023923444975,48.22692307692307,53.24615384615385,47.76794871794873,47.114000000000004,55.8
2020-03-31T00:00:00.000+0000,1129,87,4053,3009,4923,4959,1118,0,4050,2619,4790,4376,704,173,5217,2433,4400,2599,894,225,5909,2546,6365,4611,819.5714285714286,108.57142857142857,5179.571428571428,2439,5363.571428571428,3886.4285714285716,0.7791492762768996,0.3335843963892802,1.3109355823732007,0.6643383159520317,1.6526973940755147,1.6331847202473022,3,-52,23,-43,17,-76,33,-4,5,-79,33,-62,27,35.907655502392345,48.12115384615385,53.278846153846125,47.81538461538462,47.56249999999999,55.75
2020-04-01T00:00:00.000+0000,1033,225,4782,4324,6064,4861,1129,87,4053,3009,4923,4959,1118,0,4050,2619,4790,4376,704,173,5217,2433,4400,2599,901.2857142857143,124.42857142857143,5118.428571428572,2849.285714285714,5610.285714285715,4162.428571428572,0.6612980242934207,1.2615616085411807,1.4684626027665006,1.1229064606716572,1.7452987459250766,1.6231397050216725,4,-52,24,-41,17,-76,31,-11,7,-79,33,-63,28,35.51153846153846,48.540384615384625,53.557692307692314,48.37179487179488,48.52380952380953,50.85
2020-04-02T00:00:00.000+0000,1724,317,4668,4244,6365,2116,1033,225,4782,4324,6064,4861,1129,87,4053,3009,4923,4959,1118,0,4050,2619,4790,4376,1034.5714285714287,158.28571428571428,4941.142857142857,3151.4285714285716,5610.285714285715,3904.4285714285716,1.401731076702721,1.5211928546674345,1.4461991094141624,1.0982617218877049,1.7631387727819745,1.0171891859732596,5,-53,25,-43,17,-76,33,-4,6,-78,34,-63,29,35.615865384615375,47.66923076923077,54.0346153846154,48.41153846153847,49.52799999999999,44.9
2020-04-03T00:00:00.000+0000,1153,122,4585,4450,6365,4959,1724,317,4668,4244,6365,2116,1033,225,4782,4324,6064,4861,1129,87,4053,3009,4923,4959,1107.857142857143,164.14285714285714,4752,3375,5610.285714285715,4068.714285714286,0.8077412614702861,0.670645822750315,1.4294773978645772,1.1609829728197116,1.7631387727819745,1.6331847202473022,6,-54,27,-46,19,-76,37,-2,7,-77,35,-61,29,35.60240384615385,47.23076923076922,53.74230769230768,48.79487179487179,48.00638297872341,45.3
2020-04-04T00:00:00.000+0000,541,522,4805,3735,4933,4267,1153,122,4585,4450,6365,4959,1724,317,4668,4244,6365,2116,1033,225,4782,4324,6064,4861,1057.4285714285713,206.57142857142858,4594.285714285715,3544.8571428571427,5405.714285714285,4019.5714285714284,-0.0475644968183751,1.7587251730978535,1.4728585559135898,0.9323105009400997,1.653727687988768,1.551938382433474,7,-52,17,-41,12,-77,24,-10,8,-79,27,-64,19,35.02692307692306,48.31730769230769,54.146153846153844,49.92051282051284,46.339999999999996,49.4
2020-04-05T00:00:00.000+0000,2025,0,4316,5903,4031,1873,541,522,4805,3735,4933,4267,1153,122,4585,4450,6365,4959,1724,317,4668,4244,6365,2116,1246.142857142857,181.85714285714286,4465.571428571428,4040.5714285714284,5353,3915.8571428571427,1.6610446143802895,-1.1103195453342432,1.3721177976716097,1.5436924736074011,1.5384045522510632,0.9053787837055747,1,-58,14,-30,8,-78,17,-14,8,-85,24,-65,15,35.91826923076921,48.699999999999996,54.78846153846155,51.442307692307686,47.82916666666667,49.15
2020-04-06T00:00:00.000+0000,807,515,3599,3802,3251,3912,2025,0,4316,5903,4031,1873,541,522,4805,3735,4933,4267,1153,122,4585,4450,6365,4959,1201.7142857142858,255.42857142857142,4401.142857142857,4209.571428571428,5133.142857142857,3849.5714285714284,0.35958382103823083,1.7544131796673739,1.1916215941859836,0.9551056651365816,1.3876741261373646,1.4990827589273845,2,-50,23,-32,15,-75,31,-11,7,-77,31,-62,27,37.123557692307664,48.12884615384615,54.45576923076921,50.84871794871794,47.12452830188678,51.599999999999994
2020-04-07T00:00:00.000+0000,1309,252,3039,3634,4289,3777,807,515,3599,3802,3251,3912,2025,0,4316,5903,4031,1873,541,522,4805,3735,4933,4267,1227.4285714285713,279,4256.285714285715,4298.857142857143,5042.571428571428,3680.714285714286,0.9857025674127782,1.355375025062852,1.0154349520307742,0.8973689919432257,1.5765900117532154,1.4765013968871736,3,-51,24,-31,16,-74,32,-13,8,-76,31,-59,27,37.864903846153844,48.334615384615375,53.83461538461539,50.62435897435898,45.95416666666667,51.900000000000006
2020-04-08T00:00:00.000+0000,1269,351,3836,5491,5633,3881,1309,252,3039,3634,4289,3777,807,515,3599,3802,3251,3912,2025,0,4316,5903,4031,1873,1261.142857142857,297,4121.142857142857,4465.571428571428,4981,3540.714285714286,0.9413272759837277,1.5834626642527618,1.256226233151552,1.444664841373021,1.7155479165862255,1.494027706688696,4,-50,24,-29,15,-74,30,-18,9,-76,31,-60,27,37.86818181818184,48.786000000000016,53.52800000000001,51.38533333333332,46.793478260869556,49.35
2020-04-09T00:00:00.000+0000,1513,410,4204,4344,4885,4286,1269,351,3836,5491,5633,3881,1309,252,3039,3634,4289,3777,807,515,3599,3802,3251,3912,1231,310.2857142857143,4054.8571428571427,4479.857142857143,4769.571428571428,3850.714285714286,1.199724628653495,1.6645466616114617,1.34671349690707,1.1290101347315287,1.648739241588315,1.5545260934164515,5,-48,24,-31,15,-73,32,-20,10,-75,32,-58,27,38.22067307692307,48.9096153846154,53.823076923076925,51.832051282051275,47.675000000000004,51.099999999999994
2020-04-10T00:00:00.000+0000,1405,712,3951,5903,3990,4342,1513,410,4204,4344,4885,4286,1269,351,3836,5491,5633,3881,1309,252,3039,3634,4289,3777,1267,394.57142857142856,3964.285714285714,4687.428571428572,4430.285714285715,3762.5714285714284,1.0888923964573143,1.8317506169921336,1.2857214689000434,1.5436924736074011,1.5318790386527132,1.5620219561291797,6,-62,33,-48,29,-74,36,-19,12,-74,33,-63,32,39.658653846153854,48.307692307692314,53.95,50.98717948717948,48.19807692307692,49.5
2020-04-11T00:00:00.000+0000,1257,475,4694,5233,2737,3114,1405,712,3951,5903,3990,4342,1513,410,4204,4344,4885,4286,1269,351,3836,5491,5633,3881,1369.2857142857142,387.85714285714283,3948.4285714285716,4901.428571428572,4116.571428571428,3597.8571428571427,0.9278503727991827,1.7263141286536394,1.4513473707722833,1.379088598724314,1.2482575028303928,1.3404477268681814,7,-51,17,-34,10,-75,23,-29,12,-76,26,-63,19,41.100000000000016,47.97884615384615,55.013461538461534,51.32564102564103,47.37,47.95
2020-04-12T00:00:00.000+0000,983,712,4092,5288,2946,4959,1257,475,4694,5233,2737,3114,1405,712,3951,5903,3990,4342,1513,410,4204,4344,4885,4286,1220.4285714285713,489.57142857142856,3916.4285714285716,4813.571428571428,3961.5714285714284,4038.714285714286,0.5976038613478474,1.8317506169921336,1.320349712166732,1.393310490677634,1.309731274982298,1.6331847202473022,1,-61,14,-35,6,-78,17,-38,12,-88,25,-69,16,40.93557692307694,47.48846153846152,55.30192307692308,52.36025641025641,47.512499999999996,46.349999999999994
2020-04-13T00:00:00.000+0000,1381,622,3153,4342,2218,3665,983,712,4092,5288,2946,4959,1257,475,4694,5233,2737,3114,1405,712,3951,5903,3990,4342,1302.4285714285713,504.85714285714283,3852.714285714286,4890.714285714285,3814,4003.4285714285716,1.063520823684855,1.8056576714427137,1.0542788713485907,1.1284007929022473,1.059766439563374,1.456599228174014,2,-58,26,-56,28,-84,38,-33,13,-89,40,-66,31,41.06105769230774,48.94615384615384,54.301923076923075,53.61538461538463,48.07234042553189,46.05
2020-04-14T00:00:00.000+0000,1355,275,2972,5252,1287,4959,1381,622,3153,4342,2218,3665,983,712,4092,5288,2946,4959,1257,475,4694,5233,2737,3114,1309,508.14285714285717,3843.1428571428573,5121.857142857143,3385.1428571428573,4172.285714285715,1.0357182741230335,1.4225053550568407,0.9918220521294314,1.384016778696219,0.5285412836431217,1.6331847202473022,3,-50,24,-37,17,-71,31,-21,12,-76,30,-58,27,41.3158653846154,49.23653846153846,54.53846153846154,52.807692307692285,49.16249999999997,51.45
2020-04-15T00:00:00.000+0000,1174,455,2667,4603,3394,3216,1355,275,2972,5252,1287,4959,1381,622,3153,4342,2218,3665,983,712,4092,5288,2946,4959,1295.4285714285713,523,3676.1428571428573,4995,3065.285714285714,4077.285714285714,0.8324842823427359,1.7097152611089168,0.8763881289672442,1.2060438050157911,1.4200486703336208,1.364518252953476,4,-50,24,-32,16,-72,29,-21,11,-75,30,-57,27,41.33269230769231,49.294230769230765,55.06153846153848,53.39871794871795,49.45454545454545,55.25
2020-04-16T00:00:00.000+0000,2025,526,3786,4617,2945,4959,1174,455,2667,4603,3394,3216,1355,275,2972,5252,1287,4959,1381,622,3153,4342,2218,3665,1368.5714285714287,539.5714285714286,3616.4285714285716,5034,2788.1428571428573,4173.428571428572,1.6610446143802895,1.7611165843770882,1.2430351248910023,1.2101044071593416,1.3094538065245571,1.6331847202473022,5,-49,25,-29,16,-71,31,-25,12,-74,31,-57,28,42.30384615384616,49.39038461538461,55.346153846153875,54.23717948717949,49.14772727272727,56.6
2020-04-17T00:00:00.000+0000,2005,712,3493,5599,3699,1979,2025,526,3786,4617,2945,4959,1174,455,2667,4603,3394,3216,1355,275,2972,5252,1287,4959,1454.2857142857142,539.5714285714286,3551,4990.571428571428,2746.5714285714284,3835.8571428571427,1.6447563684869493,1.8317506169921336,1.1609436242917583,1.471279512566185,1.4815144340336546,0.9562185798883222,6,-50,27,-31,16,-72,35,-32,14,-74,32,-61,29,43.154326923076916,48.83529411764707,55.409615384615385,54.70512820512822,49.624,61.45
2020-04-18T00:00:00.000+0000,1542,509,3491,5525,1945,17,2005,712,3493,5599,3699,1979,2025,526,3786,4617,2945,4959,1174,455,2667,4603,3394,3216,1495,544.4285714285714,3379.1428571428573,5032.285714285715,2633.4285714285716,3393.4285714285716,1.228590331053089,1.750583864023489,1.160353635194093,1.4530954168152728,0.9347296334725081,-0.9842778121709829,7,-46,16,-33,10,-75,23,-36,16,-76,25,-64,19,44.666826923076954,49.33529411764704,55.36730769230768,54.41666666666668,49.73888888888889,64.85
2020-04-19T00:00:00.000+0000,1277,501,3047,5850,1842,4902,1542,509,3491,5525,1945,17,2005,712,3493,5599,3699,1979,2025,526,3786,4617,2945,4959,1537,514.2857142857143,3229.8571428571427,5112.571428571428,2475.714285714286,3385.285714285714,0.950269397416802,1.7452780556747587,1.0182149690258462,1.5313257496432702,0.8818394454908605,1.6273942935647858,1,-54,14,-27,7,-77,17,-33,11,-83,23,-59,14,45.13750000000002,50.25576923076923,56.07115384615384,54.51410256410258,49.94905660377357,64.75
2020-04-20T00:00:00.000+0000,2025,0,2256,4676,1881,2380,1277,501,3047,5850,1842,4902,1542,509,3491,5525,1945,17,2005,712,3493,5599,3699,1979,1629,425.42857142857144,3101.714285714286,5160.285714285715,2427.5714285714284,3201.714285714286,1.6610446143802895,-1.1103195453342432,0.6972986102181188,1.2271039968895263,0.9022652760471421,1.1213934695863212,2,-44,22,-30,13,-72,30,-33,14,-76,29,-57,25,45.123671497584525,51.71923076923077,56.57307692307692,55.275641025641036,51.802,62.5
2020-04-21T00:00:00.000+0000,1744,338,2729,4301,1226,2733,2025,0,2256,4676,1881,2380,1277,501,3047,5850,1842,4902,1542,509,3491,5525,1945,17,1684.5714285714287,434.42857142857144,3067,5024.428571428572,2418.8571428571427,2883.714285714286,1.419958492824455,1.561236686604369,0.900963217583614,1.1158589507285663,0.48125634043937016,1.2379135207614131,3,-50,23,-29,14,-71,31,-28,14,-75,29,-56,26,45.974396135265685,52.130769230769246,57.638461538461534,55.76923076923076,53.30816326530612,62.05
2020-04-22T00:00:00.000+0000,2025,377,3370,4451,2357,2206,1744,338,2729,4301,1226,2733,2025,0,2256,4676,1881,2380,1277,501,3047,5850,1842,4902,1806.142857142857,423.2857142857143,3167.4285714285716,5002.714285714285,2270.714285714286,2739.4285714285716,1.6610446143802895,1.622828974442488,1.1238627198233508,1.1612816219446571,1.115966395458953,1.054569543744736,4,-50,24,-26,13,-70,28,-31,14,-75,30,-56,27,45.5589371980676,52.43846153846155,57.71153846153846,55.576923076923066,54.38510638297872,59.3
2020-04-23T00:00:00.000+0000,1636,712,2646,4583,2481,2311,2025,377,3370,4451,2357,2206,1744,338,2729,4301,1226,2733,2025,0,2256,4676,1881,2380,1750.5714285714287,449.85714285714283,3004.5714285714284,4997.857142857143,2204.4285714285716,2361.1428571428573,1.3196918747200879,1.8317506169921336,0.8679287815290414,1.2002249587805436,1.1623634809652,1.0957127420562949,5,-46,24,-26,13,-70,30,-31,15,-73,30,-55,27,44.947115384615365,51.417307692307695,58.63076923076922,55.821794871794864,55.998000000000005,54.45
2020-04-24T00:00:00.000+0000,1620,461,3021,5386,1870,1610,1636,712,2646,4583,2481,2311,2025,377,3370,4451,2357,2206,1744,338,2729,4301,1226,2733,1695.5714285714287,414,2937.1428571428573,4967.428571428572,1943.142857142857,2308.4285714285716,1.304444428359499,1.7148948668795376,1.009149400029368,1.4183227643240885,0.8965543545508214,0.7634917438171424,6,-44,25,-30,14,-70,33,-28,16,-71,29,-55,27,45.631249999999994,50.65961538461538,59.02499999999998,56.30256410256412,55.56666666666666,52.05
2020-04-25T00:00:00.000+0000,1452,402,2357,4913,1514,1656,1620,461,3021,5386,1870,1610,1636,712,2646,4583,2481,2311,2025,377,3370,4451,2357,2206,1682.7142857142858,398.7142857142857,2775.1428571428573,4880,1881.5714285714287,2542.5714285714284,1.1377849002034166,1.655183421556588,0.7440856752134547,1.2936020220367872,0.688552602718336,0.790069437426357,7,-41,14,-29,9,-73,22,-32,14,-83,28,-57,18,45.56201923076925,50.12115384615384,58.62499999999999,56.448717948717935,55.086274509803914,51.55
2020-04-26T00:00:00.000+0000,1662,210,2324,4463,1257,555,1452,402,2357,4913,1514,1656,1620,461,3021,5386,1870,1610,1636,712,2646,4583,2481,2311,1737.7142857142858,357.14285714285717,2671.8571428571427,4681.857142857143,1798,1921.5714285714287,1.3442484871200628,1.2011064205887823,0.7290099230108549,1.1648611131484,0.5055290700735109,-0.14816381098529885,1,-51,13,-19,6,-73,16,-35,12,-79,22,-58,14,45.88743961352659,50.22692307692307,58.623076923076944,56.95384615384615,54.84727272727271,50.7
2020-04-27T00:00:00.000+0000,1583,712,1739,4309,988,3742,1662,210,2324,4463,1257,555,1452,402,2357,4913,1514,1656,1620,461,3021,5386,1870,1610,1674.5714285714287,458.85714285714283,2598,4629.428571428572,1670.4285714285713,2116.1428571428573,1.2687813729337276,1.8317506169921336,0.4243297274204169,1.118313701878497,0.2767694591053664,1.4703996821514203,2,-43,21,-26,12,-69,28,-32,15,-70,26,-56,25,46.41980676328503,50.53846153846154,58.80769230769231,58.27051282051283,54.56153846153847,53.3
2020-04-28T00:00:00.000+0000,1534,417,2091,3996,1154,3016,1583,712,1739,4309,988,3742,1662,210,2324,4463,1257,555,1452,402,2357,4913,1514,1656,1644.5714285714287,470.14285714285717,2506.8571428571427,4585.857142857143,1660.142857142857,2156.5714285714284,1.2206640436804503,1.6723806890245925,0.6165593279700123,1.0194441768332083,0.42287510053921007,1.31606065975597,3,-42,16,-32,13,-67,28,-27,14,-72,26,-63,25,47.306280193236766,51.57500000000001,58.926923076923075,59.35256410256409,56.15294117647061,54.400000000000006
2020-04-29T00:00:00.000+0000,1715,159,2086,4076,1627,2512,1534,417,2091,3996,1154,3016,1583,712,1739,4309,988,3742,1662,210,2324,4463,1257,555,1600.2857142857142,439,2323.4285714285716,4532.285714285715,1555.857142857143,2200.285714285714,1.393479158959032,0.9376091307350608,0.614025189889234,1.0452784855553594,0.7597666666420503,1.167737454453452,4,-43,22,-32,13,-67,27,-31,22,-70,27,-61,27,48.271153846153844,52.44615384615385,59.37692307692306,59.68974358974359,54.889655172413796,56.900000000000006
2020-04-30T00:00:00.000+0000,1592,193,1872,5903,1470,671,1715,159,2086,4076,1627,2512,1534,417,2091,3996,1154,3016,1583,712,1739,4309,988,3742,1594,364.85714285714283,2212.8571428571427,4720.857142857143,1411.4285714285713,1966,1.2775085389570273,1.124131368844505,0.5003909612958538,1.5436924736074011,0.659378314382457,-0.010366391479346588,5,-44,23,-30,12,-66,28,-25,16,-68,26,-61,27,48.967307692307706,52.59615384615385,60.11153846153844,60.185897435897424,57.194339622641515,54.45
2020-05-01T00:00:00.000+0000,1885,217,1965,5903,1068,0,1592,193,1872,5903,1470,671,1715,159,2086,4076,1627,2512,1534,417,2091,3996,1154,3016,1631.857142857143,330,2062,4794.714285714285,1296.857142857143,1736,1.5443101417216527,1.230132521399973,0.5510450430830325,1.5436924736074011,0.34927275457651197,-1.017298777731317,6,-37,23,-53,28,-82,42,-26,19,-84,41,-57,27,49.15528846153845,52.09807692307691,61.42692307692308,60.571794871794886,55.78199999999997,52.8
2020-05-02T00:00:00.000+0000,1583,266,1900,4806,890,1212,1885,217,1965,5903,1068,0,1592,193,1872,5903,1470,671,1715,159,2086,4076,1627,2512,1650.5714285714287,310.57142857142856,1996.7142857142858,4779.428571428572,1207.7142857142858,1672.5714285714287,1.2687813729337276,1.397490000666606,0.5158543320170529,1.2639282525720343,0.18224939632554077,0.4962024168268848,7,-37,14,-34,9,-68,21,-31,15,-70,23,-56,17,49.88557692307693,52.77884615384615,60.61346153846155,60.44871794871796,55.38039215686275,45.4
2020-05-03T00:00:00.000+0000,2025,306,1389,4339,697,296,1583,266,1900,4806,890,1212,1885,217,1965,5903,1068,0,1592,193,1872,5903,1470,671,1702.4285714285713,324.2857142857143,1863.142857142857,4761.714285714285,1127.7142857142858,1635.5714285714287,1.6610446143802895,1.4979370331702002,0.20142733020394704,1.12748635344232,-0.024295458664703614,-0.505075280289661,1,-38,11,-23,6,-71,16,-35,12,-74,21,-59,14,50.77246376811591,52.694,59.94901960784314,60.415999999999976,55.44166666666667,45.75
2020-05-04T00:00:00.000+0000,1453,201,1221,3985,488,614,2025,306,1389,4339,697,296,1583,266,1900,4806,890,1212,1885,217,1965,5903,1068,0,1683.857142857143,251.28571428571428,1789.142857142857,4715.428571428572,1056.2857142857142,1188.7142857142858,1.138813954405184,1.1615507816807062,0.08114615037671902,1.0158607004701279,-0.2832245098914467,-0.07654157374516767,2,-40,20,-28,11,-64,26,-32,29,-55,18,-54,24,50.62692307692306,53.47307692307691,60.274999999999984,60.22692307692307,53.47346938775509,49.599999999999994
2020-05-05T00:00:00.000+0000,1258,175,1075,4406,855,1049,1453,201,1221,3985,488,614,2025,306,1389,4339,697,296,1583,266,1900,4806,890,1212,1644.4285714285713,216.71428571428572,1644,4774,1013.5714285714286,907.7142857142857,0.9289763830321863,1.031350059835722,-0.031365615362445885,1.147787563199994,0.1468771802979273,0.36383117962314243,3,-35,20,-25,12,-63,27,-35,29,-55,19,-53,25,50.40961538461535,54.215384615384615,60.70769230769232,60.06410256410256,54.931999999999995,56
2020-05-06T00:00:00.000+0000,1479,0,1444,5903,1155,3530,1258,175,1075,4406,855,1049,1453,201,1221,3985,488,614,2025,306,1389,4339,697,296,1610.7142857142858,194,1552.2857142857142,5035,946.1428571428571,1053.142857142857,1.1654083498271381,-1.1103195453342432,0.23882343349162674,1.5436924736074011,0.4237056906541389,1.4310886143007153,4,-33,20,-20,11,-61,24,-38,30,-56,20,-50,25,50.84182692307688,54.10000000000001,61.43076923076921,60.37948717948721,57.45111111111112,53.5
2020-05-07T00:00:00.000+0000,1507,224,1401,5614,1268,575,1479,0,1444,5903,1155,3530,1258,175,1075,4406,855,1049,1453,201,1221,3985,488,614,1598.5714285714287,198.42857142857142,1485,4993.714285714285,917.2857142857143,1039.4285714285713,1.193706284308722,1.2577308137446357,0.2096668826023348,1.4749382342562314,0.5140208060386129,-0.12351799355656036,5,-35,21,-19,11,-60,25,-24,14,-55,20,-49,25,50.87067307692307,53.95769230769229,61.642307692307696,60.41538461538463,57.6,55.099999999999994
2020-05-08T00:00:00.000+0000,1473,98,1327,4649,1158,1278,1507,224,1401,5614,1268,575,1479,0,1444,5903,1155,3530,1258,175,1075,4406,855,1049,1539.7142857142858,181.42857142857142,1393.857142857143,4814.571428571428,930.1428571428571,1222,1.159298564314666,0.45014158832211143,0.15812459575273938,1.219347085480235,0.42619406296581824,0.5456599530122549,6,-35,22,-17,11,-72,38,-24,16,-54,21,-54,30,50.09999999999999,53.88846153846154,62.51923076923078,59.76153846153847,58.344444444444434,54.7
2020-05-09T00:00:00.000+0000,1244,88,1083,3896,736,440,1473,98,1327,4649,1158,1278,1507,224,1401,5614,1268,575,1479,0,1444,5903,1155,3530,1491.2857142857142,156,1277.142857142857,4684.571428571428,908.1428571428571,1111.7142857142858,0.9131633626451936,0.34462768083853146,-0.024996100737442527,0.9865842372850413,0.019783272505770513,-0.29760493353601924,7,-36,13,-15,5,-64,19,-32,13,-53,15,-52,17,50.4581730769231,53.226923076923065,62.89038461538462,59.74358974358973,58.232,52.7
2020-05-10T00:00:00.000+0000,1173,114,802,3923,555,269,1244,88,1083,3896,736,440,1473,98,1327,4649,1158,1278,1507,224,1401,5614,1268,575,1369.5714285714287,128.57142857142858,1193.2857142857142,4625.142857142857,887.8571428571429,1107.857142857143,0.8313117942631344,0.6018707900471635,-0.26424082712771013,0.9955194518864192,-0.1958246196949179,-0.5467414090504298,1,-40,10,-21,4,-65,15,-33,12,-60,13,-61,14,50.47403846153849,53.28846153846154,63.24999999999997,60.892307692307696,57.13800000000001,53.95
2020-05-11T00:00:00.000+0000,1173,70,744,3877,697,452,1173,114,802,3923,555,269,1244,88,1083,3896,736,440,1473,98,1327,4649,1158,1278,1329.5714285714287,109.85714285714286,1125.142857142857,4609.714285714285,917.7142857142857,1084.7142857142858,0.8313117942631344,0.13086811853868816,-0.31788921837662526,0.9802682137536943,-0.024295458664703614,-0.2813710267738442,2,-39,19,-28,11,-55,19,-28,12,-57,19,-55,24,51.242512077294684,53.41153846153846,63.08076923076922,60.782051282051285,56.721739130434806,56.35
2020-05-12T00:00:00.000+0000,1155,121,1402,3403,595,728,1173,70,744,3877,697,452,1173,114,802,3923,555,269,1244,88,1083,3896,736,440,1314.857142857143,102.14285714285714,1171.857142857143,4466.428571428572,880.5714285714286,1038.857142857143,0.8101087193301728,0.6622893665746736,0.21035146945206804,0.8147290922704555,-0.1456813490879912,0.052998856356975786,3,-40,20,-24,11,-51,18,-27,13,-54,19,-54,24,52.77951219512191,53.68800000000001,62.784000000000006,61.056,56.64897959183675,59.349999999999994
2020-05-13T00:00:00.000+0000,1149,81,888,3242,927,226,1155,121,1402,3403,595,728,1173,70,744,3877,697,452,1173,114,802,3923,555,269,1267.7142857142858,113.71428571428571,1092.4285714285713,4086.285714285714,848,566.8571428571429,0.8029993646197463,0.26534175484316497,-0.18749235112571017,0.7547725510684864,0.21870283200407042,-0.6150341356992781,4,-29,19,-23,11,-42,17,-26,13,-56,19,-49,25,53.86310679611651,54.457999999999984,61.833999999999996,61.605333333333355,55.78571428571429,59.3
2020-05-14T00:00:00.000+0000,1213,71,992,3446,380,731,1149,81,888,3242,927,226,1155,121,1402,3403,595,728,1173,70,744,3877,697,452,1225.7142857142858,91.85714285714286,1034,3776.5714285714284,721.1428571428571,589.1428571428571,0.877769843686446,0.1436202065855955,-0.09891603176004007,0.8304080434753686,-0.43369473488179894,0.056258834649356,5,-31,20,-20,10,-40,17,-25,12,-53,18,-46,23,54.23872549019608,53.92083333333332,63.643750000000004,63.14166666666668,57.09583333333334,50
2020-05-15T00:00:00.000+0000,1178,83,789,3560,755,607,1213,71,992,3446,380,731,1149,81,888,3242,927,226,1155,121,1402,3403,595,728,1183.5714285714287,89.71428571428571,957.1428571428571,3621,663.5714285714286,493.2857142857143,0.8371685219746986,0.28847311709639417,-0.2761304046029653,0.8713156954010236,0.04081118096044963,-0.08486954789848991,6,-29,21,-17,10,-38,19,-28,15,-54,20,-45,24,54.06926829268294,54.88958333333334,63.727083333333326,62.898611111111094,57.54893617021277,54.400000000000006
2020-05-16T00:00:00.000+0000,1247,34,875,3450,519,112,1178,83,789,3560,755,607,1213,71,992,3446,380,731,1149,81,888,3242,927,226,1184,82,927.4285714285714,3557.285714285714,632.5714285714286,446.42857142857144,0.9165607524603071,-0.4105206275170278,-0.1988853468704538,0.8318595409130896,-0.24224291798258882,-0.8083468555122727,7,-23,10,-12,5,-36,9,-31,14,-54,15,-46,15,54.65728155339806,55.31,63.137999999999984,63.28666666666669,57.81063829787235,55.400000000000006
2020-05-17T00:00:00.000+0000,1126,48,675,3534,617,33,1247,34,875,3450,519,112,1178,83,789,3560,755,607,1213,71,992,3446,380,731,1177.2857142857142,72.57142857142857,909.2857142857143,3501.714285714286,641.4285714285714,412.7142857142857,0.7755514034745838,-0.1794475849637331,-0.3837864939798227,0.8620690890035154,-0.11872702627429946,-0.9536378313273716,1,-27,8,-4,3,-37,5,-26,9,-54,12,-45,12,54.55485436893203,55.324,63.69,64.33999999999997,58.50909090909088,57.4
2020-05-18T00:00:00.000+0000,1079,20,451,2711,182,314,1126,48,675,3534,617,33,1247,34,875,3450,519,112,1178,83,789,3560,755,607,1163.857142857143,65.42857142857143,867.4285714285714,3335.1428571428573,567.8571428571429,393,0.7184780054650007,-0.6725328954753387,-0.6145103419583305,0.5418665454085533,-0.7439953791987274,-0.47780349453304877,2,-34,24,-10,8,-32,16,-31,13,-44,14,-43,22,54.52524271844662,56.10199999999998,64.51000000000002,64.00666666666666,57.79111111111112,64.3
2020-05-19T00:00:00.000+0000,1082,62,813,2412,1227,874,1079,20,451,2711,182,314,1126,48,675,3534,617,33,1247,34,875,3450,519,112,1153.4285714285713,57,783.2857142857143,3193.5714285714284,658.1428571428571,413.85714285714283,0.7221611971117724,0.024812128400794702,-0.254240461399048,0.41055937431020983,0.48204728683708564,0.2034730531785474,3,-22,18,-7,9,-29,16,-28,14,-46,15,-39,22,54.92087378640777,56.707999999999984,64.994,63.75466666666666,58.45,66.35
2020-05-20T00:00:00.000+0000,1082,0,665,525,695,641,1082,62,813,2412,1227,874,1079,20,451,2711,182,314,1126,48,675,3534,617,33,1143.857142857143,45.42857142857143,751.4285714285714,2805.4285714285716,625,473.14285714285717,0.7221611971117724,-1.1103195453342432,-0.39352948423879613,-0.6853375970251957,-0.02658969817505279,-0.04483554974463564,4,-18,17,1,6,-25,12,-25,12,-43,15,-36,22,55.87621359223299,56.80799999999999,65.60599999999998,63.995999999999995,59.35853658536585,63.550000000000004
2020-05-21T00:00:00.000+0000,1167,57,642,2615,548,237,1082,0,665,525,695,641,1082,62,813,2412,1227,874,1079,20,451,2711,182,314,1137.2857142857142,43.42857142857143,701.4285714285714,2686.714285714286,649,402.57142857142856,0.824264833871658,-0.04529249627095441,-0.41612764982943745,0.5006687484645281,-0.20475340440829184,-0.5973330108349117,5,-19,18,-6,18,-34,22,-24,12,-40,15,-39,23,55.70536585365847,56.740000000000016,66.20599999999999,64.59066666666669,59.497560975609744,59
2020-05-22T00:00:00.000+0000,1205,89,652,3287,689,339,1167,57,642,2615,548,237,1082,0,665,525,695,641,1082,62,813,2412,1227,874,1141.142857142857,44.285714285714285,681.8571428571429,2647.714285714286,639.5714285714286,364.2857142857143,0.8685500870106797,0.35557894548358604,-0.4062697748056286,0.7717328570443028,-0.033492467246587374,-0.44058152749106766,6,-16,18,-9,14,-30,20,-18,13,-38,14,-42,24,56.08585365853657,57.088,65.90599999999999,64.94933333333336,60.05555555555556,60.400000000000006
2020-05-23T00:00:00.000+0000,1204,23,669,2959,276,319,1205,89,652,3287,689,339,1167,57,642,2615,548,237,1082,0,665,525,695,641,1135,42.714285714285715,652.4285714285714,2577.5714285714284,604.8571428571429,393.85714285714283,0.8673951120387807,-0.613551702052891,-0.3896263383296329,0.6443394848820078,-0.5907585847701005,-0.4702985911760208,7,-13,9,-16,7,-34,10,-16,11,-34,8,-46,15,56.54417475728154,56.74400000000001,66.55199999999999,64.80399999999999,60.27272727272727,60.7
2020-05-24T00:00:00.000+0000,955,14,531,2405,342,105,1204,23,669,2959,276,319,1205,89,652,3287,689,339,1167,57,642,2615,548,237,1110.5714285714287,37.857142857142854,631.8571428571429,2416.285714285714,565.5714285714286,404.14285714285717,0.5612086699845787,-0.7954695857762899,-0.5290188183926232,0.4073770721484679,-0.4896376252065021,-0.8208304681643416,1,-16,6,-13,3,-30,3,-20,8,-36,5,-41,11,57.2854368932039,56.80999999999999,66.542,64.93333333333335,59.904347826086955,55
2020-05-25T00:00:00.000+0000,1013,31,300,1625,272,307,955,14,531,2405,342,105,1204,23,669,2959,276,319,1205,89,652,3287,689,339,1101.142857142857,39.42857142857143,610.2857142857143,2261.1428571428573,578.4285714285714,403.14285714285717,0.6360166816343757,-0.46390804569825994,-0.7860622091820574,0.017430305660373572,-0.5970539507334192,-0.4883617327671304,2,-19,16,-10,8,-26,15,-20,10,-38,12,-31,24,57.91893203883498,57.16,66.428,65.44666666666667,60.39111111111111,58.65
2020-05-26T00:00:00.000+0000,971,42,397,4043,600,279,1013,31,300,1625,272,307,955,14,531,2405,342,105,1204,23,669,2959,276,319,1085.2857142857142,36.57142857142857,550.8571428571429,2494.1428571428573,488.85714285714283,318.14285714285717,0.5820709139392777,-0.274970275056227,-0.6742831393163947,1.034669993114307,-0.13951696461437438,-0.5312021377221783,3,-16,16,-4,8,-23,15,-21,11,-37,12,-34,21,58.17766990291261,57.97999999999998,66.08399999999997,65.81066666666666,61.00000000000001,64.05
2020-05-27T00:00:00.000+0000,899,28,584,2013,324,157,971,42,397,4043,600,279,1013,31,300,1625,272,307,955,14,531,2405,342,105,1059.142857142857,40.57142857142857,539.2857142857143,2706.714285714286,435.85714285714283,249,0.4867926163325842,-0.5187581367047512,-0.47430985838376605,0.22059028732587896,-0.516709454123812,-0.7298302947254597,4,-14,16,-1,7,-23,13,-17,10,-36,12,-34,22,59.1747572815534,58.31,65.914,65.37066666666666,60.178260869565214,68.15
2020-05-28T00:00:00.000+0000,987,53,593,1887,672,3265,899,28,584,2013,324,157,971,42,397,4043,600,279,1013,31,300,1625,272,307,1033.4285714285713,40,532.2857142857143,2602.714285714286,453.57142857142856,681.5714285714286,0.6027600431178076,-0.10361410701173104,-0.46516755627024586,0.15673823190124633,-0.05321483021251154,1.3756308303979814,5,-18,17,-2,8,-23,14,-16,10,-36,13,-31,22,59.118446601941784,58.89800000000001,66.022,65.94266666666668,59.50000000000001,73.19999999999999
2020-05-29T00:00:00.000+0000,933,75,516,2095,726,507,987,53,593,1887,672,3265,899,28,584,2013,324,157,971,42,397,4043,600,279,994.5714285714286,38,512.8571428571429,2432.4285714285716,458.85714285714283,705.5714285714286,0.5322360229382235,0.1935535501348777,-0.5447775468865835,0.2611107594000287,0.00859947524399835,-0.20890330752571376,6,-16,18,5,7,-21,15,-8,11,-37,13,-30,22,59.22135922330099,59.3,67.058,65.34266666666666,63.01086956521737,75.30000000000001
2020-05-30T00:00:00.000+0000,772,43,416,1604,267,1800,933,75,516,2095,726,507,987,53,593,1887,672,3265,899,28,584,2013,324,157,932.8571428571429,40.857142857142854,476.7142857142857,2238.8571428571427,457.57142857142856,917.1428571428571,0.3094820658227806,-0.2586954894799727,-0.6530570853595551,0.005862086293822353,-0.6049505909227473,0.8683513780971327,7,-14,9,10,2,-17,5,-11,8,-30,7,-30,12,58.859223300970875,58.513999999999996,68.01799999999997,66.23600000000002,63.57959183673471,67.7
2020-05-31T00:00:00.000+0000,798,35,333,1936,221,235,772,43,416,1604,267,1800,933,75,516,2095,726,507,987,53,593,1887,672,3265,910.4285714285714,43.857142857142854,448.42857142857144,2171.8571428571427,440.2857142857143,935.7142857142857,0.3467931214506417,-0.393042097232232,-0.7473810063975195,0.18180283315429188,-0.6790544005294694,-0.6005394538697196,1,-19,7,16,0,-18,2,-19,7,-30,5,-30,9,58.89271844660195,58.02,68.36799999999998,66.72666666666666,63.16304347826087,66.1
2020-06-01T00:00:00.000+0000,809,36,200,1570,184,101,798,35,333,1936,221,235,772,43,416,1604,267,1800,933,75,516,2095,726,507,881.2857142857143,44.57142857142857,434.14285714285717,2164,427.7142857142857,906.2857142857143,0.3624175889801384,-0.3757194965903228,-0.9075856148132082,-0.012999214659554023,-0.7406166578113345,-0.8279972273512546,2,-13,14,11,16,-25,20,-17,8,-23,11,-30,19,59.24611650485435,58.023999999999994,68.65600000000002,65.92133333333335,64.19743589743591,49.9
2020-06-02T00:00:00.000+0000,673,50,318,1653,285,972,809,36,200,1570,184,101,798,35,333,1936,221,235,772,43,416,1604,267,1800,838.7142857142857,45.714285714285715,422.85714285714283,1822.5714285714287,382.7142857142857,1005.2857142857143,0.16230886541126405,-0.14871408564270558,-0.7648783189997636,0.032758927151934715,-0.5766649424639103,0.2957677958689263,3,-17,16,12,6,-11,11,-14,8,-24,16,-29,19,58.79708737864077,58.80800000000002,68.34,66.38933333333331,63.567999999999984,60.35
2020-06-03T00:00:00.000+0000,681,30,321,1871,242,3856,673,50,318,1653,285,972,809,36,200,1570,184,101,798,35,333,1936,221,235,807.5714285714286,46,385.2857142857143,1802.2857142857142,371,1533.7142857142858,0.17451296988547144,-0.48202663970440546,-0.7613675715534358,0.14848843970287828,-0.6448958303136539,1.4898953642224326,4,-15,16,5,7,-17,11,-14,8,-30,10,-42,22,59.57669902912622,58.927999999999976,68.998,66.58133333333332,62.93958333333334,58.7
2020-06-04T00:00:00.000+0000,628,44,177,1805,351,2850,681,30,321,1871,242,3856,673,50,318,1653,285,972,809,36,200,1570,184,101,756.2857142857143,44.714285714285715,325.85714285714283,1790.5714285714287,325.14285714285717,1474.4285714285713,0.0925937713681918,-0.24256436304789117,-0.9364864848195135,0.11411192870549353,-0.47624095775000186,1.271696352734587,5,-7,15,-8,9,-22,13,-12,8,-36,12,-40,22,59.78058252427186,58.87600000000001,69.3,66.71199999999999,62.022,58.8
2020-06-05T00:00:00.000+0000,678,47,518,1650,452,552,628,44,177,1805,351,2850,681,30,321,1871,242,3856,673,50,318,1653,285,972,719.8571428571429,40.714285714285715,326.14285714285717,1727,286,1480.857142857143,0.16994303542456143,-0.19501846553083452,-0.542669267263864,0.031121773751957724,-0.3320257837252007,-0.15189380281436338,6,-4,15,-5,9,-18,13,-3,9,-28,11,-39,22,60.03737864077673,59.26999999999999,69.58600000000003,66.66666666666667,63.853999999999985,61.85
2020-06-06T00:00:00.000+0000,528,42,270,1557,526,529,678,47,518,1650,452,552,628,44,177,1805,351,2850,681,30,321,1871,242,3856,685,40.57142857142857,305.2857142857143,1720.2857142857142,323,1299.2857142857142,-0.06914561616776228,-0.274970275056227,-0.8218290242574753,-0.02025433464852426,-0.2331195082373418,-0.18078169277653222,7,-8,8,2,4,-11,4,-3,7,-18,4,-43,14,59.89902912621356,59.05199999999999,70.482,67.64133333333335,64.69795918367348,58.45
2020-06-07T00:00:00.000+0000,703,39,197,1326,300,293,528,42,270,1557,526,529,678,47,518,1650,452,552,628,44,177,1805,351,2850,671.4285714285714,41.142857142857146,285.85714285714283,1633.142857142857,334.2857142857143,1307.5714285714287,0.20778592483203162,-0.3246713969346165,-0.9113346411908614,-0.15332961159241226,-0.5533919189896294,-0.5096595883403736,1,-8,5,-1,3,-18,0,-10,5,-30,4,-39,10,60.39300000000001,58.578,70.1469387755102,66.92400000000002,63.52857142857143,51.05
2020-06-08T00:00:00.000+0000,601,21,280,1205,359,98,703,39,197,1326,300,293,528,42,270,1557,526,529,678,47,518,1650,452,552,641.7142857142857,39,297.2857142857143,1581,359.2857142857143,1307.142857142857,0.04987244829912801,-0.6526927618239426,-0.8098422482989824,-0.22633376144574927,-0.46440991413908594,-0.8333882513224288,2,-9,14,2,7,-16,11,-12,7,-32,10,-36,19,61.007000000000026,58.46199999999999,70.21999999999997,66.97733333333338,63.38000000000001,50.650000000000006
2020-06-09T00:00:00.000+0000,462,51,283,1741,397,141,601,21,280,1205,359,98,703,39,197,1326,300,293,528,42,270,1557,526,529,611.5714285714286,39.142857142857146,292.2857142857143,1593.5714285714287,375.2857142857143,1188.4285714285713,-0.18141497802568687,-0.13354873354198518,-0.8062588438867263,0.0802351702940971,-0.40918709798011216,-0.7574074846083233,3,-9,14,1,8,-14,11,-11,8,-27,9,-33,20,62.01399999999999,58.848,70.06199999999998,67.20133333333332,63.002127659574484,60.5
2020-06-10T00:00:00.000+0000,479,35,202,1003,16,397,462,51,283,1741,397,141,601,21,280,1205,359,98,703,39,197,1326,300,293,582.7142857142857,39.857142857142854,275.2857142857143,1469.5714285714287,343,694.2857142857143,-0.1520560513425368,-0.393042097232232,-0.9050896855546319,-0.3536537420869094,-1.0438999686689399,-0.3570653536535592,4,-10,15,6,6,-12,10,-14,7,-28,10,-42,21,61.96199999999997,59.711999999999996,70.03,67.57333333333334,63.19411764705882,63.65
